customer_id,region,segment,age,annual_spend,support_tickets,nps_score,products_owned,last_login_days,churn_prob,churned
1,South,SMB,28,22806.48,20,8,4,16,0.2467,0
2,South,Startup,42,4857.55,7,6,1,97,0.3617,0
3,Central,Startup,30,10911.5,8,6,3,143,0.4083,0
4,North,SMB,59,16847.46,13,6,3,23,0.2583,0
5,Central,Enterprise,33,34153.52,16,5,1,125,0.5233,1
6,West,Government,40,50529.52,18,1,3,147,0.64,1
7,West,SMB,44,12949.39,12,2,4,1,0.2917,1
8,South,Enterprise,36,51681.71,7,7,4,141,0.35,0
9,East,Enterprise,49,86579.26,6,9,2,74,0.3166,0
10,West,Enterprise,31,59357.31,19,6,2,135,0.525,0
11,West,Government,61,42966.39,19,8,4,78,0.34,1
12,South,SMB,30,21654.51,10,5,4,173,0.4833,0
13,West,Enterprise,60,31391.1,14,10,2,175,0.4417,0
14,West,SMB,36,14107.46,9,2,5,138,0.47,1
15,North,SMB,45,9306.01,17,6,2,113,0.4683,1
16,South,Startup,25,13977.24,5,1,4,123,0.45,1
17,South,SMB,60,23064.47,14,9,1,66,0.305,1
18,Central,Government,56,36846.52,2,5,5,135,0.32,0
19,Central,Government,44,62033.03,17,8,5,177,0.465,1
20,Central,Government,37,42269.23,4,10,3,97,0.1917,0
21,West,Government,27,48099.9,4,5,5,25,0.1567,0
22,East,Government,61,61503.1,5,6,5,170,0.5558,1
23,Central,Enterprise,52,55540.31,0,2,4,69,0.285,0
24,Central,Enterprise,62,71985.38,3,4,1,175,0.5017,1
25,Central,Government,57,58806.97,6,3,1,110,0.4483,0
26,West,Enterprise,44,55605.34,15,1,2,24,0.425,0
27,Central,Government,63,54694.74,7,3,1,72,0.395,1
28,East,SMB,47,12267.09,16,5,2,138,0.7612,1
29,South,SMB,34,25346.67,2,8,1,172,0.3867,0
30,North,Government,46,40351.66,17,1,3,124,0.5917,1
31,Central,Startup,29,6324.05,12,5,2,143,0.4933,0
32,West,Government,28,36428.83,7,3,4,132,0.435,1
33,West,Government,63,23549.14,13,9,4,177,0.42,1
34,Central,Enterprise,42,58082.42,12,3,2,44,0.3783,0
35,East,Government,30,25326.63,18,6,2,105,0.6743,0
36,East,SMB,37,9466.39,14,8,2,159,0.6742,0
37,East,Startup,55,11948.22,11,7,5,172,0.6114,1
38,East,Startup,35,9296.87,15,2,5,86,0.6428,1
39,East,Enterprise,52,61983.48,14,8,1,5,0.3311,0
40,Central,Startup,59,7494.35,13,5,5,178,0.5017,1
41,South,Startup,50,9002.88,13,2,1,89,0.5083,1
42,East,Enterprise,45,62278.02,6,5,2,42,0.3842,0
43,East,SMB,59,16042.86,3,9,1,114,0.3988,1
44,North,Startup,39,5295.29,1,3,1,103,0.3867,0
45,North,SMB,52,19858.82,4,5,5,160,0.3817,1
46,West,Enterprise,40,75793.73,6,9,5,126,0.245,0
47,East,Enterprise,27,77322.99,9,4,2,66,0.522,1
48,East,Enterprise,42,64529.19,3,4,5,13,0.2199,0
49,North,Enterprise,39,88964.2,18,8,2,72,0.36,0
50,North,Government,41,28672.26,4,7,3,65,0.2133,1
51,Central,Startup,32,12967.01,3,1,2,17,0.2933,0
52,North,SMB,37,13840.9,1,8,5,17,0.0383,0
53,South,Government,50,31391.7,15,6,5,49,0.2817,0
54,Central,Government,45,36317.81,7,6,3,159,0.425,0
55,Central,Government,65,50116.03,18,10,4,63,0.255,0
56,South,Government,52,57071.37,5,10,4,170,0.3033,0
57,South,SMB,42,14594.63,14,6,2,153,0.505,1
58,West,Government,48,30220.99,4,2,1,37,0.3317,1
59,South,Startup,60,11864.49,1,8,5,16,0.0367,0
60,East,Government,48,38178.86,20,1,4,170,0.95,1
61,North,SMB,29,13728.54,8,6,3,9,0.185,0
62,East,SMB,38,23414.76,14,10,5,58,0.2707,0
63,Central,Startup,46,11192.68,14,6,3,49,0.3117,0
64,West,Enterprise,52,59717.01,17,4,4,125,0.4983,1
65,North,Government,61,39015.0,14,10,5,33,0.145,0
66,West,SMB,28,18616.88,10,4,5,10,0.2167,0
67,East,Startup,39,5408.67,20,8,1,69,0.5728,1
68,East,SMB,35,24611.2,8,1,4,112,0.6694,0
69,North,Government,41,22886.28,12,5,4,42,0.285,1
70,Central,Government,51,29454.02,0,1,2,51,0.32,0
71,South,Government,48,43312.23,14,9,1,119,0.3933,0
72,West,Government,53,48919.45,17,4,1,53,0.4383,1
73,North,SMB,62,17798.5,11,6,2,148,0.4667,1
74,East,SMB,62,18892.08,20,7,1,30,0.5147,0
75,Central,Startup,45,7408.96,9,1,3,69,0.42,0
76,North,Government,36,34623.94,11,9,1,132,0.385,0
77,West,Government,63,41387.33,4,9,5,117,0.21,0
78,West,Enterprise,48,36323.21,2,1,2,91,0.4067,1
79,East,SMB,64,26927.81,10,3,3,129,0.696,1
80,North,Enterprise,61,55977.37,2,9,1,9,0.09,0
81,Central,Government,40,29295.09,2,7,4,89,0.2133,0
82,South,Government,38,54566.12,10,1,1,9,0.37,0
83,Central,Enterprise,25,53961.76,19,6,5,175,0.5317,1
84,South,Enterprise,32,66144.92,9,5,1,143,0.4833,1
85,South,SMB,42,18590.22,4,3,3,119,0.4033,1
86,East,Startup,32,7859.84,10,3,5,93,0.551,1
87,Central,Startup,64,9817.34,2,2,5,105,0.345,0
88,Central,Enterprise,33,37034.67,7,9,4,139,0.2967,0
89,North,Enterprise,59,44056.0,9,10,4,83,0.1983,0
90,West,Enterprise,34,64859.65,0,5,2,74,0.2583,0
91,Central,SMB,56,14124.52,3,10,5,32,0.0333,0
92,East,Startup,39,6781.33,15,4,1,156,0.8555,1
93,North,Enterprise,50,40440.02,19,2,2,156,0.66,0
94,East,Enterprise,25,68709.67,8,1,4,60,0.5438,0
95,North,Startup,54,12600.5,15,4,1,13,0.3517,0
96,North,Government,43,60358.58,2,10,1,81,0.185,0
97,East,SMB,27,18346.38,13,8,3,101,0.4906,0
98,North,Startup,46,12203.47,20,4,4,33,0.375,0
99,Central,Enterprise,37,86532.32,2,7,3,69,0.2,1
100,Central,Startup,41,5954.83,20,3,4,58,0.4417,1
101,West,SMB,39,17611.18,13,4,3,84,0.41,1
102,West,SMB,52,12681.38,11,4,3,33,0.305,0
103,South,Government,54,31994.78,16,1,4,109,0.5367,1
104,West,Enterprise,61,75143.94,10,5,3,161,0.4833,0
105,South,Startup,42,7527.7,10,2,4,111,0.455,0
106,South,Startup,62,7109.15,15,4,5,66,0.36,1
107,Central,Government,51,24117.57,1,6,5,65,0.1683,0
108,South,Government,27,53090.09,19,1,5,118,0.5617,0
109,North,SMB,30,22362.69,14,3,5,89,0.4133,1
110,North,SMB,25,18352.53,1,7,3,100,0.2417,1
111,South,SMB,51,18315.28,15,9,4,10,0.1617,0
112,East,Enterprise,41,44656.82,6,10,5,141,0.3552,1
113,North,Government,62,38538.39,10,1,3,77,0.4433,0
114,East,SMB,28,17886.11,5,1,4,170,0.7661,0
115,North,SMB,59,26123.79,14,4,5,137,0.4683,0
116,Central,Startup,39,9402.36,9,8,4,160,0.3767,0
117,North,Startup,46,12664.5,1,6,5,56,0.1533,0
118,Central,Startup,63,13909.22,16,7,1,16,0.2917,1
119,East,SMB,48,10283.02,16,7,5,157,0.6477,0
120,East,Startup,26,9520.1,16,9,3,59,0.3963,0
121,Central,Startup,26,14252.45,19,2,5,21,0.375,0
122,Central,SMB,46,26460.65,5,7,3,40,0.1817,0
123,West,Enterprise,45,88803.14,14,4,1,172,0.6067,1
124,West,Government,60,25617.44,17,9,1,63,0.33,1
125,East,Government,46,61487.05,8,2,1,3,0.4568,1
126,North,Government,62,46435.23,12,3,1,53,0.4133,0
127,South,SMB,59,25179.5,12,6,1,67,0.3617,0
128,East,SMB,34,19893.26,5,10,2,134,0.4108,0
129,North,Government,43,34891.08,7,9,3,93,0.24,1
130,East,Government,63,52977.71,20,5,1,155,0.8893,1
131,South,Startup,53,5834.71,17,3,5,95,0.4533,1
132,South,SMB,37,22779.51,3,10,3,32,0.0733,0
133,North,Startup,42,12558.34,20,9,4,139,0.4267,1
134,Central,Government,27,43029.96,9,7,4,68,0.2483,0
135,Central,Enterprise,49,36524.58,8,4,3,98,0.3833,0
136,South,Enterprise,26,62242.3,7,3,1,29,0.3233,1
137,East,Enterprise,58,89283.24,9,9,4,166,0.5244,1
138,North,Startup,30,8732.01,11,6,3,124,0.4067,0
139,Central,Startup,30,7507.61,14,5,4,62,0.3383,0
140,East,Government,58,48070.04,10,8,4,123,0.4712,0
141,West,SMB,44,24927.06,8,8,4,145,0.3417,0
142,West,SMB,37,10484.48,2,10,4,89,0.1383,0
143,East,SMB,28,26041.47,9,6,2,120,0.58,1
144,West,Startup,56,13186.48,6,2,3,56,0.3433,1
145,West,SMB,51,10524.18,4,9,2,175,0.3667,1
146,West,SMB,27,16954.23,11,1,3,113,0.5133,1
147,West,Enterprise,61,68348.37,9,2,3,32,0.3333,0
148,East,Startup,26,5736.99,20,2,3,154,0.9377,1
149,Central,SMB,29,24504.48,11,8,1,153,0.445,1
150,East,Enterprise,50,46004.1,14,9,3,141,0.5655,1
151,East,Startup,37,10679.67,12,3,1,6,0.4858,0
152,Central,Government,41,44234.74,11,5,2,12,0.265,1
153,East,Enterprise,39,85955.96,18,6,1,156,0.8265,1
154,East,Government,53,26166.65,13,8,2,2,0.2803,0
155,East,Government,36,36897.29,7,10,2,69,0.2827,0
156,East,Enterprise,40,78537.01,1,2,4,71,0.4326,1
157,West,Enterprise,38,68267.99,13,5,1,33,0.34,0
158,East,Enterprise,58,65386.87,10,1,5,29,0.4688,0
159,West,Startup,60,9408.44,15,4,5,122,0.4533,1
160,Central,Government,45,25283.12,18,4,5,166,0.5567,0
161,South,Startup,34,11331.49,9,8,1,72,0.29,0
162,East,Government,30,47740.37,7,8,4,163,0.5244,0
163,North,Startup,54,12105.01,20,8,2,146,0.5033,0
164,South,Enterprise,50,30272.87,17,10,5,21,0.155,0
165,South,Enterprise,63,82609.28,16,3,5,109,0.4667,1
166,East,Startup,39,6438.22,10,9,4,141,0.4785,0
167,West,Enterprise,33,38011.98,4,5,3,106,0.3317,1
168,North,Government,32,48636.53,12,10,3,87,0.255,1
169,East,SMB,26,17579.64,2,4,5,151,0.5389,1
170,East,Startup,41,11475.47,4,3,5,150,0.6018,1
171,East,SMB,41,17712.94,4,10,4,25,0.0749,0
172,West,Enterprise,40,66816.96,1,9,2,133,0.2667,1
173,South,Enterprise,52,55682.2,4,3,3,19,0.2367,0
174,East,Government,55,29317.04,16,7,5,4,0.2779,1
175,West,Enterprise,25,87249.02,5,2,4,176,0.5133,0
176,West,SMB,52,19801.36,4,4,2,144,0.44,1
177,South,Enterprise,34,48365.7,13,8,4,128,0.3633,0
178,South,Government,61,57309.73,17,10,1,1,0.2017,0
179,Central,Startup,38,9727.3,8,9,3,31,0.1467,0
180,Central,Government,63,55426.58,17,2,2,34,0.4367,1
181,North,SMB,43,19244.63,8,4,2,150,0.49,1
182,North,SMB,34,15012.0,13,2,3,72,0.44,1
183,Central,Enterprise,47,34249.75,10,9,5,85,0.2167,0
184,South,Government,55,42692.63,7,5,1,74,0.3483,0
185,West,Startup,28,7548.86,13,4,5,45,0.305,1
186,South,SMB,35,16432.41,17,1,5,97,0.5067,0
187,South,Enterprise,47,39516.3,15,2,4,114,0.51,0
188,West,Startup,52,14092.13,5,1,2,87,0.43,0
189,West,Enterprise,61,45837.21,12,10,4,140,0.3233,0
190,East,Startup,28,5280.12,15,10,4,39,0.2682,1
191,South,Startup,53,9869.76,19,8,4,31,0.2617,1
192,West,SMB,61,16303.61,19,9,1,145,0.4867,0
193,Central,Enterprise,25,60369.79,3,8,4,169,0.3317,0
194,South,Enterprise,47,53743.59,10,9,5,97,0.2367,0
195,North,SMB,35,25493.66,7,5,4,28,0.2117,0
196,North,Enterprise,39,53701.38,2,8,4,111,0.225,0
197,West,Enterprise,31,85298.45,7,6,4,144,0.38,0
198,North,Government,26,51490.53,17,8,1,18,0.28,0
199,East,Enterprise,51,82066.69,11,9,1,73,0.4157,0
200,Central,Startup,55,13904.86,11,6,2,98,0.3833,0
201,West,Government,41,50242.55,10,6,4,4,0.1767,0
202,Central,Enterprise,64,33096.71,14,10,5,72,0.21,1
203,North,Government,42,60015.39,6,9,5,20,0.0683,0
204,North,Startup,27,12342.97,18,6,4,53,0.3383,0
205,Central,Startup,41,11626.92,7,3,2,23,0.2933,0
206,Central,Startup,30,8071.66,20,7,4,25,0.2867,1
207,East,Government,37,60720.0,2,4,4,71,0.3746,1
208,Central,Government,36,61678.57,20,10,4,98,0.3333,0
209,North,SMB,63,26399.64,7,3,4,178,0.5117,1
210,West,Startup,29,7525.7,4,2,3,85,0.3717,1
211,West,Enterprise,52,87954.79,18,7,3,90,0.395,0
212,North,Government,36,22552.91,12,7,5,69,0.26,0
213,North,Government,26,21480.88,1,2,5,136,0.3867,0
214,East,Government,47,39912.85,17,7,2,17,0.4108,1
215,North,Enterprise,65,54533.81,12,1,2,2,0.3583,0
216,West,SMB,60,16605.13,13,1,3,71,0.4633,1
217,Central,Government,47,56164.63,14,1,4,30,0.385,1
218,East,Enterprise,49,60623.04,20,7,2,13,0.4447,0
219,South,Government,57,42654.44,2,6,5,25,0.1117,0
220,North,Enterprise,59,71706.19,5,7,3,37,0.1767,0
221,West,Startup,52,10530.17,14,9,2,51,0.26,0
222,East,Startup,58,11394.38,20,5,5,123,0.696,1
223,East,Enterprise,45,80486.77,14,2,4,158,0.8313,1
224,East,Government,46,51748.95,18,5,4,52,0.5244,1
225,South,Enterprise,48,40764.83,17,3,3,131,0.5533,1
226,South,SMB,46,10577.71,13,3,5,22,0.2917,1
227,West,SMB,53,20152.48,12,7,3,19,0.2167,0
228,North,Enterprise,33,60404.92,8,5,5,43,0.2267,0
229,West,SMB,29,26081.96,16,4,4,6,0.29,0
230,Central,Enterprise,46,84122.72,15,8,5,148,0.3967,0
231,East,Enterprise,64,82191.29,11,3,5,76,0.5244,0
232,East,Startup,28,8470.37,19,8,4,112,0.5752,1
233,Central,Government,62,57306.41,18,1,2,38,0.4783,0
234,Central,Startup,60,5903.94,10,1,1,3,0.36,0
235,East,Government,63,54882.04,11,5,1,151,0.7492,1
236,Central,SMB,36,25578.94,19,9,5,153,0.42,0
237,West,Startup,62,7943.91,5,4,4,108,0.35,1
238,West,Startup,37,9105.23,14,2,3,117,0.525,1
239,Central,SMB,56,21534.24,6,9,4,36,0.115,0
240,South,Enterprise,54,60254.86,5,10,2,173,0.3483,1
241,East,Startup,60,13696.06,19,5,4,100,0.6549,0
242,South,SMB,46,22303.28,5,7,1,73,0.2767,0
243,Central,Enterprise,64,38122.92,4,3,5,11,0.1833,0
244,Central,Enterprise,61,63668.85,0,3,3,166,0.4417,1
245,East,SMB,40,26732.28,17,5,4,172,0.7999,1
246,South,Startup,44,10378.43,15,8,5,128,0.3633,0
247,South,Government,57,36041.55,10,6,1,92,0.3833,0
248,Central,Startup,40,13395.96,9,5,2,168,0.505,0
249,South,Startup,51,7346.14,11,3,2,11,0.3133,0
250,Central,Startup,60,5202.76,11,4,2,27,0.315,0
251,Central,Startup,43,14233.49,15,9,2,164,0.4583,1
252,South,Startup,61,7683.43,10,9,2,138,0.365,0
253,East,SMB,30,14324.45,11,8,5,86,0.3673,0
254,West,Government,50,22021.18,5,5,3,13,0.1867,0
255,North,Startup,37,6519.81,1,6,3,135,0.325,1
256,North,SMB,55,11954.4,3,8,5,134,0.2533,0
257,Central,Startup,44,5539.5,11,1,3,103,0.4967,0
258,South,Government,28,62640.56,15,5,5,85,0.3667,0
259,Central,Government,54,53300.69,10,5,2,41,0.3033,0
260,South,SMB,44,17784.88,5,1,5,24,0.265,1
261,South,Government,48,49052.15,4,6,5,145,0.3317,0
262,Central,Startup,36,8098.49,12,3,2,115,0.4967,0
263,North,Enterprise,31,79860.32,5,2,2,146,0.5033,1
264,North,Enterprise,50,58433.17,14,5,5,127,0.4267,0
265,South,SMB,27,12152.33,10,5,3,34,0.2717,0
266,Central,SMB,42,26736.73,14,6,5,70,0.3067,0
267,West,Startup,25,6004.24,15,9,1,98,0.3683,0
268,South,Enterprise,63,77645.52,5,8,3,26,0.1333,0
269,Central,Startup,47,6236.63,6,1,3,91,0.4267,1
270,North,Startup,35,7677.29,18,7,2,123,0.47,1
271,North,Government,42,54588.77,5,5,5,94,0.2817,0
272,Central,Enterprise,63,83435.15,3,2,2,149,0.4883,0
273,Central,Government,42,57644.91,13,10,3,30,0.17,0
274,North,Government,33,29729.38,8,7,4,5,0.1333,0
275,Central,Enterprise,61,31725.06,7,2,4,28,0.2867,0
276,West,Enterprise,58,33343.34,13,4,1,58,0.4067,0
277,West,SMB,31,22857.93,18,1,2,38,0.4783,0
278,West,Enterprise,55,80918.83,2,9,3,100,0.2017,0
279,West,Government,32,32528.76,20,10,5,18,0.18,0
280,South,SMB,27,21612.13,0,8,2,173,0.3483,0
281,East,SMB,29,25159.45,0,7,2,22,0.1764,0
282,Central,Enterprise,51,75330.99,9,1,3,147,0.55,1
283,South,Government,46,54303.48,0,9,5,41,0.0433,0
284,North,SMB,31,26553.89,17,7,1,155,0.5333,1
285,Central,Enterprise,50,53398.54,12,7,3,165,0.46,0
286,Central,Startup,50,13251.31,8,6,3,87,0.315,1
287,Central,Enterprise,28,66959.45,8,3,5,130,0.4217,0
288,West,Startup,60,8258.41,7,8,5,125,0.2783,0
289,West,Startup,41,12504.71,16,2,3,59,0.4483,1
290,South,SMB,43,15282.79,18,10,2,125,0.3983,0
291,West,Government,35,49049.77,13,8,5,82,0.2667,1
292,East,Government,51,21242.44,16,8,5,158,0.6138,1
293,West,Government,38,57397.25,0,3,5,100,0.2917,0
294,North,SMB,31,18171.52,18,6,5,168,0.51,1
295,West,Startup,46,10531.57,18,7,2,24,0.305,1
296,Central,Government,65,25813.66,16,8,5,136,0.3867,0
297,South,SMB,47,11032.61,13,1,5,95,0.4633,0
298,West,Enterprise,46,82219.54,0,6,3,130,0.3067,1
299,East,Government,62,48215.14,3,3,2,95,0.5413,0
300,East,Government,46,30132.18,1,10,1,93,0.2828,1
301,Central,Startup,61,5394.4,4,9,5,25,0.0567,1
302,East,Enterprise,31,87912.06,1,10,4,156,0.348,0
303,South,SMB,50,25819.81,10,9,3,9,0.13,0
304,North,SMB,40,24355.03,6,3,4,9,0.22,0
305,North,SMB,59,16952.93,5,4,5,143,0.3883,0
306,West,Startup,50,8826.77,9,9,4,36,0.145,0
307,South,Government,38,58391.97,12,10,3,133,0.3317,0
308,North,Enterprise,41,63031.45,19,2,4,143,0.5983,1
309,Central,Startup,29,13822.33,11,2,1,111,0.525,0
310,South,SMB,31,19145.06,7,4,1,169,0.5317,1
311,Central,Government,57,46940.0,19,8,4,114,0.4,0
312,East,SMB,47,21861.55,20,2,5,151,0.8724,1
313,South,Enterprise,40,31628.03,19,6,4,157,0.5217,1
314,East,Government,44,55395.13,3,5,3,28,0.2779,0
315,West,SMB,50,15552.51,11,9,3,73,0.2467,0
316,East,Startup,62,6505.92,4,2,2,76,0.5462,0
317,South,Enterprise,36,46817.57,6,4,5,61,0.2617,0
318,Central,Enterprise,36,63142.6,14,4,3,60,0.38,1
319,Central,Startup,32,5814.03,7,8,1,119,0.3483,1
320,East,Startup,58,9506.13,10,9,4,167,0.5413,1
321,Central,Startup,55,14084.0,6,4,1,29,0.2883,0
322,East,Government,59,45887.24,2,1,3,49,0.4592,0
323,North,Government,43,50703.91,7,10,5,150,0.27,0
324,Central,Enterprise,64,30324.06,11,1,3,61,0.4267,1
325,North,Startup,61,13915.87,18,10,5,167,0.4083,0
326,West,Enterprise,42,54368.19,17,2,3,155,0.6183,0
327,South,Government,57,42150.71,7,1,1,172,0.6117,1
328,West,Enterprise,51,46783.06,12,7,5,21,0.18,0
329,South,Startup,56,11271.0,7,2,1,146,0.5433,1
330,Central,SMB,32,18062.8,2,7,1,131,0.3433,1
331,West,Startup,48,12566.13,11,2,5,116,0.4533,1
332,West,SMB,58,15094.26,17,5,4,119,0.4633,0
333,West,Government,62,35480.94,1,4,3,89,0.2983,1
334,Central,Enterprise,46,43104.15,5,6,3,127,0.3517,1
335,Central,Government,44,52942.13,17,8,4,154,0.4467,1
336,North,Startup,36,6517.05,1,3,3,72,0.295,1
337,Central,Enterprise,35,72964.46,15,1,2,69,0.5,0
338,South,Startup,32,13038.53,15,10,5,124,0.3067,0
339,East,SMB,58,26868.23,12,9,4,127,0.4737,0
340,East,Enterprise,52,65138.08,17,1,1,94,0.8434,1
341,Central,Startup,31,4829.75,2,2,5,70,0.2867,0
342,South,Startup,65,6572.82,8,1,3,19,0.3267,0
343,Central,Startup,58,10208.43,2,10,1,162,0.32,1
344,East,Startup,34,13618.69,9,7,2,14,0.2876,0
345,West,Startup,65,12103.47,3,8,4,105,0.225,0
346,East,Enterprise,28,56660.15,0,4,2,40,0.3287,0
347,Central,Startup,53,13397.27,4,9,2,132,0.295,0
348,Central,Government,31,26920.08,10,8,5,91,0.2517,1
349,North,Startup,58,8583.86,1,5,5,140,0.3183,0
350,East,Enterprise,63,77443.13,4,2,4,178,0.7347,1
351,South,Enterprise,54,58313.98,12,8,5,113,0.3083,0
352,North,Government,46,46302.08,7,1,1,98,0.4883,0
353,West,Government,59,48138.3,8,5,3,95,0.3533,0
354,West,Enterprise,39,33669.22,12,9,4,58,0.2117,1
355,Central,Enterprise,31,49948.51,8,4,1,30,0.31,1
356,North,SMB,42,26749.74,15,5,2,34,0.3417,0
357,East,SMB,45,11610.73,3,5,2,151,0.6042,1
358,East,Enterprise,32,31471.3,17,9,1,116,0.6066,1
359,East,Enterprise,32,66688.23,14,7,2,116,0.6066,0
360,Central,Government,36,58378.51,5,6,1,163,0.4517,0
361,Central,Startup,33,7404.16,2,5,3,47,0.2133,0
362,Central,Enterprise,41,41271.01,0,1,3,168,0.495,0
363,West,SMB,58,21935.67,13,10,5,79,0.2117,0
364,East,Startup,30,9716.32,10,7,1,65,0.4543,0
365,South,Startup,42,11036.95,0,7,1,6,0.115,0
366,South,SMB,47,19035.31,18,8,3,138,0.45,1
367,Central,Government,29,27804.5,0,7,5,136,0.2517,0
368,East,Government,53,31274.78,14,9,2,161,0.6428,0
369,North,SMB,65,17003.1,16,4,3,91,0.4517,1
370,South,Enterprise,53,36209.18,1,3,3,180,0.475,1
371,Central,Government,46,39889.98,7,9,4,60,0.165,1
372,South,Startup,29,12448.11,4,1,3,11,0.2733,1
373,West,Startup,53,10044.88,12,7,4,37,0.2267,1
374,North,SMB,29,11440.47,9,1,1,59,0.4433,0
375,West,Startup,40,9077.49,7,10,4,137,0.2683,1
376,North,SMB,53,25041.91,5,4,2,90,0.36,1
377,East,SMB,27,18237.69,14,6,1,31,0.4664,0
378,South,SMB,65,22857.35,9,5,2,173,0.5133,1
379,East,Enterprise,45,43224.01,15,7,2,162,0.7322,0
380,East,Government,58,35744.14,2,5,2,55,0.3577,1
381,North,Startup,57,8053.6,3,4,1,57,0.305,1
382,East,SMB,51,15851.19,2,4,3,177,0.6597,0
383,Central,Startup,47,9536.07,14,6,1,43,0.3417,0
384,Central,Government,47,49073.7,19,10,5,155,0.3983,0
385,North,Enterprise,32,34404.22,3,10,3,8,0.0333,0
386,South,Startup,60,13734.75,7,1,5,40,0.3117,0
387,North,Government,61,23944.59,1,9,4,127,0.2167,0
388,Central,Enterprise,60,89750.31,9,6,4,63,0.265,1
389,West,SMB,53,12011.82,17,4,1,10,0.3667,0
390,South,Enterprise,51,42894.09,17,7,1,110,0.4583,0
391,South,SMB,34,17112.17,8,3,1,122,0.4883,0
392,South,Government,53,60391.64,1,6,1,169,0.4217,1
393,Central,SMB,35,15374.44,10,2,2,21,0.345,0
394,Central,SMB,28,18139.06,7,10,2,55,0.1717,0
395,West,SMB,36,16360.09,8,3,3,3,0.25,0
396,North,Government,42,55015.94,11,10,1,73,0.2617,0
397,West,SMB,60,12609.38,7,4,4,122,0.3933,0
398,West,Government,35,51829.22,16,1,5,175,0.6267,1
399,East,Government,26,35344.92,9,5,1,144,0.7032,0
400,East,Government,53,60849.12,3,1,1,37,0.5027,0
401,East,Government,60,46428.13,13,9,4,173,0.5993,1
402,Central,Enterprise,32,56027.84,19,1,2,79,0.5567,0
403,South,Government,49,34957.52,20,7,4,103,0.4167,0
404,North,Government,35,50984.36,14,3,4,91,0.4367,0
405,South,Enterprise,60,81938.94,19,2,2,20,0.4333,1
406,South,Government,28,39862.1,5,8,3,104,0.2633,0
407,South,SMB,33,14891.45,9,7,2,159,0.44,1
408,South,SMB,49,16401.45,3,10,4,100,0.1667,1
409,West,SMB,37,9060.19,9,2,3,179,0.5783,0
410,Central,Startup,42,10456.55,14,10,3,137,0.3583,1
411,East,Government,31,58431.06,12,8,3,100,0.4737,1
412,East,Startup,65,8889.93,20,9,2,5,0.3528,0
413,Central,Enterprise,60,34889.29,10,1,4,76,0.4217,0
414,South,SMB,47,20709.06,5,7,3,174,0.405,0
415,North,Startup,61,8063.56,10,2,3,154,0.5467,0
416,West,SMB,65,21341.27,17,2,4,9,0.355,0
417,Central,Government,27,34624.36,12,8,1,107,0.3783,1
418,West,Government,60,51845.78,2,10,4,100,0.1567,0
419,South,Enterprise,44,62923.6,4,5,4,152,0.3883,0
420,West,Enterprise,45,70253.15,0,3,1,102,0.375,0
421,North,Startup,53,13410.09,0,3,3,166,0.4417,0
422,North,Enterprise,47,42880.75,4,7,2,152,0.3783,0
423,South,Startup,52,10570.47,11,4,4,40,0.2967,1
424,West,Government,48,32821.01,3,10,1,28,0.1067,0
425,North,Government,28,54001.33,15,9,2,173,0.4733,1
426,North,Government,51,32481.78,18,10,4,9,0.165,0
427,West,Startup,33,7335.26,11,1,4,167,0.5833,1
428,South,Government,35,35875.54,17,8,1,63,0.355,0
429,South,Government,47,31507.58,4,9,5,7,0.0267,0
430,East,Government,54,33720.66,16,3,5,77,0.5993,1
431,South,Enterprise,45,32237.38,8,9,2,145,0.3567,1
432,West,SMB,27,9394.66,12,6,4,140,0.4233,0
433,Central,Government,28,32731.27,10,8,3,34,0.1967,0
434,Central,Startup,38,6218.62,11,10,4,108,0.26,1
435,Central,SMB,61,12288.54,15,4,1,162,0.6,1
436,South,SMB,53,25879.73,15,4,3,144,0.53,0
437,West,Government,46,43495.27,20,10,5,1,0.1517,1
438,North,Government,41,45822.77,7,8,3,115,0.3017,0
439,South,Government,28,50938.42,11,6,2,20,0.2533,0
440,West,Startup,28,7594.03,7,5,3,139,0.4167,1
441,West,Government,32,47592.41,14,8,1,105,0.395,1
442,South,Enterprise,36,76905.09,16,3,5,129,0.5,0
443,South,SMB,27,11311.36,15,3,3,123,0.52,1
444,South,SMB,51,25852.61,10,6,3,136,0.4167,1
445,North,Startup,36,11668.42,18,4,1,29,0.4083,0
446,West,Government,59,53339.8,3,5,3,16,0.1717,0
447,East,Startup,64,11044.9,4,5,5,111,0.435,0
448,Central,Enterprise,28,36551.66,12,4,1,69,0.415,0
449,West,Government,26,49132.04,9,4,5,152,0.4433,1
450,North,Startup,43,8673.86,10,9,3,33,0.17,1
451,North,Enterprise,32,59655.43,19,10,2,15,0.225,0
452,West,Enterprise,47,80586.45,15,3,5,121,0.4767,0
453,South,SMB,38,23412.22,10,7,3,116,0.3583,0
454,South,Startup,49,5075.63,4,9,5,177,0.31,0
455,East,SMB,62,16016.46,18,4,2,129,0.8048,1
456,East,Government,36,61201.96,18,8,1,122,0.6718,1
457,West,Enterprise,59,59116.71,6,4,5,163,0.4317,1
458,West,Government,47,23504.51,17,4,5,135,0.495,1
459,East,Startup,60,10631.0,3,4,3,77,0.4326,1
460,West,Startup,34,6134.22,18,8,3,58,0.3167,1
461,Central,Government,60,44338.61,1,2,1,42,0.31,1
462,West,SMB,64,19586.97,14,7,5,156,0.425,0
463,North,Startup,52,9760.92,18,9,5,102,0.325,0
464,South,SMB,54,17326.29,8,1,3,95,0.4533,0
465,North,SMB,41,25661.23,8,1,2,102,0.485,0
466,Central,Startup,45,7510.47,8,8,5,33,0.135,0
467,Central,Government,25,45253.74,12,9,5,136,0.3217,1
468,South,Enterprise,31,72824.93,10,9,5,86,0.2183,0
469,South,SMB,63,15657.31,17,7,3,5,0.2433,1
470,East,SMB,45,25189.49,6,1,5,2,0.3456,0
471,North,Enterprise,40,71433.59,3,1,4,70,0.3417,1
472,South,Government,28,21380.17,19,2,1,58,0.5167,0
473,South,Enterprise,53,70059.83,4,10,5,176,0.2833,1
474,East,Government,41,37051.73,5,3,4,159,0.667,0
475,East,Enterprise,56,53140.47,17,7,2,162,0.7612,1
476,Central,Government,39,31722.64,11,6,3,121,0.4017,0
477,West,Enterprise,65,59653.9,1,6,3,2,0.1033,1
478,North,SMB,62,25599.38,19,10,4,146,0.4033,0
479,North,Enterprise,56,72718.21,4,2,3,129,0.445,0
480,West,SMB,30,13969.49,1,4,2,28,0.2167,0
481,South,SMB,48,12046.97,10,4,2,38,0.3233,0
482,Central,Enterprise,36,70972.41,9,10,5,62,0.1433,0
483,North,Enterprise,25,74262.75,3,2,2,132,0.46,1
484,North,Enterprise,56,38416.99,7,5,3,101,0.3533,0
485,West,Startup,35,12138.29,17,10,1,137,0.4283,0
486,West,Enterprise,45,45780.1,7,9,2,150,0.355,0
487,Central,Government,63,59519.48,17,1,3,148,0.6317,1
488,Central,Enterprise,55,89667.11,0,1,1,96,0.415,1
489,North,Government,53,21362.42,14,5,3,58,0.3517,0
490,East,Government,65,51852.06,4,2,4,173,0.7226,0
491,Central,Enterprise,43,51796.11,0,6,4,165,0.345,0
492,South,Enterprise,33,46783.94,13,5,2,134,0.4883,0
493,Central,Startup,34,11568.73,5,10,2,74,0.1833,0
494,North,Enterprise,43,39193.17,20,6,5,75,0.375,1
495,South,Enterprise,37,73284.48,15,9,1,123,0.41,0
496,South,SMB,42,13508.81,8,7,2,49,0.2467,0
497,West,Startup,45,12445.57,7,1,3,3,0.29,0
498,Central,Government,48,43233.23,10,3,3,126,0.475,1
499,East,SMB,48,19171.7,16,8,4,68,0.4253,0
500,North,Government,61,38871.01,13,10,1,30,0.21,0
501,East,Startup,33,11705.69,14,1,1,166,0.95,1
502,North,Startup,48,5432.36,1,6,1,113,0.3283,0
503,East,Government,57,56172.17,2,3,2,96,0.5292,1
504,Central,Government,49,37072.04,12,10,1,150,0.4,0
505,North,Government,40,53184.59,7,7,2,96,0.315,0
506,West,Government,38,22547.5,14,1,1,162,0.665,1
507,South,Enterprise,50,74909.27,17,10,4,135,0.365,0
508,South,SMB,33,13155.77,13,5,5,87,0.35,0
509,West,Startup,61,5547.0,15,1,3,141,0.6,0
510,South,Enterprise,55,77556.36,9,7,1,29,0.2433,0
511,Central,Startup,57,9345.94,8,5,1,23,0.2733,0
512,North,SMB,61,17685.14,7,1,2,20,0.3383,0
513,East,Enterprise,61,53127.11,17,2,3,110,0.7878,0
514,North,Enterprise,53,85168.57,12,5,2,38,0.3183,0
515,South,Enterprise,43,41147.23,7,9,2,163,0.3767,1
516,East,Startup,36,10310.66,10,2,3,62,0.5703,1
517,East,Enterprise,27,76792.93,5,5,1,154,0.6694,1
518,East,SMB,50,9468.76,12,7,3,177,0.696,0
519,South,Enterprise,31,43377.68,0,10,4,62,0.0733,0
520,West,Startup,28,12186.36,20,2,5,68,0.4633,1
521,South,Startup,33,6469.45,9,4,2,3,0.255,0
522,North,Government,36,30735.49,10,1,3,113,0.5033,1
523,South,Government,56,29234.15,11,8,2,163,0.4417,0
524,West,Startup,34,11758.74,15,5,5,154,0.4817,0
525,Central,SMB,46,22028.3,2,10,5,32,0.0233,0
526,West,SMB,54,23983.39,12,1,4,43,0.3867,0
527,Central,SMB,54,17847.54,9,6,4,73,0.2817,0
528,North,Startup,38,10693.18,12,1,5,105,0.47,1
529,East,Startup,25,10914.01,17,6,1,76,0.6187,1
530,West,Government,37,61060.97,17,10,3,82,0.2967,0
531,North,Enterprise,40,47137.81,6,2,4,121,0.4317,0
532,East,Enterprise,38,83535.68,3,1,5,52,0.4229,0
533,Central,SMB,64,15546.48,6,8,5,122,0.2633,0
534,West,Government,58,44873.4,16,9,1,25,0.2567,0
535,West,SMB,36,12660.71,8,3,1,26,0.3283,0
536,South,Startup,40,14370.83,0,5,3,70,0.2317,0
537,East,Enterprise,54,83168.58,2,2,1,45,0.4712,0
538,Central,Government,50,59616.31,14,10,3,106,0.3067,1
539,North,SMB,64,12440.53,11,4,1,19,0.3217,0
540,South,Government,38,29993.3,10,10,4,94,0.2267,1
541,West,Government,56,51176.49,12,2,2,113,0.5183,0
542,East,Enterprise,41,71551.29,5,5,1,2,0.3021,0
543,Central,Government,63,22481.32,8,2,5,18,0.26,1
544,South,Government,51,57559.41,1,7,4,110,0.2383,0
545,North,SMB,27,10452.59,14,5,3,30,0.305,0
546,Central,SMB,41,17040.16,7,2,1,28,0.3467,0
547,North,Government,28,21119.36,0,9,3,150,0.265,1
548,South,Government,27,37334.79,5,5,3,95,0.3233,0
549,North,Startup,29,6933.04,4,3,2,108,0.405,0
550,East,Enterprise,63,83554.38,0,2,4,163,0.6404,0
551,East,Government,61,59769.5,9,10,1,72,0.348,0
552,West,Startup,56,5938.35,20,4,3,19,0.3717,0
553,North,Enterprise,42,81579.37,11,2,3,131,0.5183,0
554,Central,Startup,39,12617.69,10,7,5,95,0.2833,0
555,West,Government,65,31784.47,7,1,2,116,0.4983,0
556,Central,Enterprise,29,57563.27,9,6,4,28,0.2067,0
557,Central,Startup,29,6379.77,11,5,1,69,0.38,1
558,South,Startup,47,10945.0,14,7,5,34,0.2217,1
559,East,Enterprise,39,76340.9,5,2,3,175,0.7709,1
560,North,Government,55,44619.2,2,9,3,53,0.1233,0
561,South,Startup,53,11849.17,8,8,4,90,0.25,0
562,East,Startup,56,8407.34,8,5,3,55,0.4157,1
563,South,Government,55,42854.14,6,7,2,175,0.4367,1
564,Central,Startup,34,10881.71,15,5,1,81,0.44,1
565,North,Government,29,54044.36,11,8,2,41,0.2383,0
566,Central,SMB,52,10979.03,16,2,3,47,0.4283,0
567,North,SMB,59,17691.03,7,5,1,52,0.3117,0
568,South,Government,65,35080.15,4,10,3,39,0.095,0
569,East,SMB,63,12992.21,13,8,3,85,0.4519,0
570,North,SMB,52,21194.35,0,8,3,153,0.295,0
571,North,Government,38,24163.23,3,7,1,21,0.17,0
572,East,Enterprise,37,55615.8,6,7,1,139,0.5752,0
573,West,Enterprise,47,77702.34,14,6,5,71,0.3083,0
574,Central,Government,47,51141.99,20,3,5,18,0.355,0
575,Central,SMB,31,20068.62,20,4,5,148,0.5467,0
576,South,Startup,48,6587.26,2,4,2,85,0.3217,0
577,West,SMB,50,18127.05,11,1,2,138,0.575,1
578,North,Startup,42,12546.29,17,7,1,28,0.3217,0
579,North,Government,38,27208.44,1,1,1,80,0.3983,0
580,South,Enterprise,64,65190.24,17,10,2,153,0.435,1
581,North,Government,37,28989.49,5,6,4,179,0.4183,0
582,North,Startup,34,5213.21,4,2,3,10,0.2467,0
583,East,SMB,43,21372.53,3,8,1,169,0.5679,1
584,East,SMB,34,12550.58,5,9,3,24,0.1522,0
585,South,Government,55,62638.71,11,6,5,47,0.2383,0
586,South,SMB,42,11957.95,8,8,3,147,0.365,1
587,West,Government,36,33607.49,18,3,5,140,0.5383,1
588,West,Enterprise,58,85249.29,10,3,5,144,0.465,1
589,South,Enterprise,53,32392.45,13,3,3,81,0.43,1
590,East,SMB,34,26769.52,7,2,4,115,0.6259,1
591,North,SMB,60,18288.83,16,5,4,23,0.2933,1
592,North,Government,35,58048.68,13,6,5,21,0.215,0
593,East,Enterprise,51,83596.56,19,5,2,84,0.6742,1
594,East,Startup,49,11115.36,18,8,3,96,0.551,1
595,South,SMB,60,13581.8,18,7,2,30,0.315,0
596,Central,Startup,65,5948.05,11,4,5,132,0.43,0
597,West,Government,47,55726.45,7,9,3,119,0.2833,0
598,West,Startup,61,12648.93,15,7,4,17,0.2233,1
599,South,Enterprise,55,53168.61,3,6,5,107,0.2583,1
600,North,Startup,57,13631.38,1,9,4,42,0.075,1
601,East,Enterprise,32,30706.56,13,8,4,71,0.3891,1
602,East,Startup,27,8237.23,1,3,1,172,0.7274,1
603,Central,Government,38,27423.8,17,6,4,84,0.38,1
604,North,Enterprise,47,76514.59,20,4,5,4,0.3067,1
605,South,Startup,51,7983.23,6,3,3,7,0.2367,1
606,North,Government,25,50497.85,1,9,5,176,0.2783,0
607,East,SMB,39,26198.26,20,5,5,154,0.7709,1
608,South,Government,51,52928.76,7,9,5,85,0.1867,0
609,West,Enterprise,58,66699.39,15,4,4,88,0.4167,0
610,West,Government,41,38367.62,1,2,1,165,0.515,0
611,Central,Startup,37,10799.57,18,1,1,109,0.6167,1
612,South,Startup,58,9574.99,3,5,4,6,0.135,0
613,South,Startup,37,4985.16,19,6,5,165,0.515,0
614,North,SMB,42,14512.25,19,10,1,146,0.4633,1
615,East,Enterprise,32,84607.71,14,5,5,92,0.5341,0
616,South,Startup,42,7242.14,4,6,2,14,0.1733,0
617,Central,Enterprise,37,49499.05,3,3,4,170,0.4583,1
618,North,Enterprise,60,65827.35,6,9,4,90,0.205,0
619,Central,Government,59,56408.82,12,7,4,71,0.2833,0
620,North,Government,53,29153.12,15,6,1,39,0.345,0
621,Central,Government,37,57252.5,5,2,5,76,0.3267,1
622,North,Government,54,58893.07,8,6,3,136,0.3967,1
623,Central,Enterprise,30,55162.0,3,8,2,167,0.3683,0
624,West,Startup,36,6581.42,2,10,5,18,0.02,0
625,South,Enterprise,47,82436.41,0,10,4,12,0.02,0
626,North,Enterprise,34,68316.25,4,4,3,156,0.44,1
627,East,Enterprise,64,87953.45,12,2,5,59,0.5341,1
628,South,Government,36,44043.51,17,2,5,158,0.5833,0
629,Central,SMB,35,18798.55,8,1,1,119,0.5333,1
630,South,Government,65,46473.63,2,4,2,67,0.2917,1
631,Central,Enterprise,28,68280.14,5,3,3,151,0.4667,0
632,West,SMB,38,24285.22,8,6,2,77,0.3183,0
633,North,Enterprise,48,52151.26,19,2,1,157,0.6817,1
634,South,Enterprise,27,84027.26,7,1,3,39,0.35,0
635,North,SMB,41,13602.22,2,9,3,79,0.1667,1
636,East,SMB,57,21667.62,15,6,3,70,0.5172,1
637,East,Startup,65,7855.14,12,5,3,81,0.5365,1
638,West,Startup,50,8305.14,15,3,2,24,0.375,1
639,South,Startup,31,10678.93,20,7,2,144,0.525,1
640,East,Startup,59,6912.69,15,6,2,179,0.8096,1
641,East,Enterprise,58,35884.91,5,7,2,60,0.3407,1
642,South,SMB,34,20131.36,13,2,5,63,0.385,1
643,North,SMB,27,17021.37,0,7,3,115,0.2567,1
644,Central,Startup,58,5143.25,17,2,4,68,0.4533,1
645,North,Enterprise,54,32494.22,14,3,2,7,0.3367,1
646,Central,Startup,50,8693.77,5,10,5,19,0.0317,0
647,Central,Government,57,42793.8,11,9,3,50,0.2083,0
648,North,Government,52,52985.69,1,4,4,5,0.1383,0
649,Central,Enterprise,63,42926.37,11,2,2,120,0.52,0
650,Central,Enterprise,28,85791.21,16,5,3,105,0.45,0
651,South,Startup,65,12752.01,17,3,4,91,0.4667,1
652,South,Startup,38,5356.86,1,7,2,33,0.15,0
653,South,Startup,49,10488.34,2,1,2,95,0.4133,0
654,East,Enterprise,48,47002.16,14,10,5,86,0.3383,0
655,North,Startup,25,5902.04,0,9,2,132,0.255,0
656,South,Enterprise,29,54627.25,6,5,4,4,0.1617,1
657,West,Startup,41,5955.39,7,9,3,34,0.1417,0
658,South,Government,38,62585.4,15,7,1,146,0.4983,1
659,South,Enterprise,32,48285.13,2,2,1,12,0.27,0
660,East,Enterprise,46,54709.55,19,9,3,130,0.6114,1
661,East,Enterprise,56,67147.8,3,9,3,14,0.0991,0
662,South,Enterprise,30,55056.44,6,4,3,170,0.4833,0
663,North,Government,50,31420.3,3,4,5,54,0.22,0
664,West,SMB,50,10367.34,18,9,3,68,0.3083,1
665,Central,SMB,48,18762.12,15,5,3,135,0.49,1
666,South,Enterprise,33,46082.88,2,8,3,159,0.325,1
667,West,Startup,60,13026.85,20,10,4,164,0.4433,1
668,East,Government,44,51616.8,1,2,3,151,0.6549,1
669,South,SMB,56,9902.63,20,5,4,43,0.3667,1
670,South,Enterprise,49,79552.77,2,6,4,119,0.2883,1
671,North,Startup,54,7567.04,7,6,3,165,0.435,1
672,South,Government,41,54054.25,7,1,1,99,0.49,0
673,East,Startup,33,10236.04,20,7,4,166,0.7564,1
674,East,SMB,43,20798.42,1,2,3,157,0.6694,1
675,West,Enterprise,28,77098.36,5,7,5,128,0.2883,0
676,South,Enterprise,49,53836.73,18,1,3,106,0.5717,0
677,West,Startup,38,5389.24,8,10,4,156,0.31,1
678,Central,Government,54,48138.67,3,6,4,99,0.265,0
679,West,Government,25,21740.41,2,3,5,6,0.155,0
680,South,Startup,37,5463.38,17,2,1,4,0.4067,0
681,Central,SMB,48,21552.3,6,4,3,57,0.295,0
682,East,Startup,53,4917.41,17,2,4,48,0.609,1
683,South,Government,46,56059.18,10,7,4,179,0.4433,1
684,Central,Government,29,32700.04,13,9,3,116,0.3383,0
685,Central,Startup,46,6371.07,17,3,3,13,0.3567,0
686,South,SMB,65,21998.22,14,9,1,170,0.4783,0
687,South,SMB,54,24842.22,11,6,5,117,0.355,0
688,West,Government,34,60357.74,16,10,5,114,0.3,1
689,East,Government,62,56968.05,6,8,3,106,0.4012,0
690,West,SMB,62,24283.39,16,5,1,93,0.47,1
691,South,Government,36,42157.9,16,4,5,62,0.3633,1
692,North,SMB,44,23549.16,7,7,1,122,0.3783,0
693,South,Government,54,24324.16,1,7,1,63,0.22,0
694,Central,Enterprise,49,85340.07,8,10,1,14,0.1333,0
695,Central,Enterprise,56,41845.85,17,4,1,73,0.4717,1
696,East,Government,63,33757.84,2,7,1,40,0.2779,0
697,West,Startup,35,9980.5,6,10,2,59,0.1683,0
698,East,Government,45,52237.93,8,5,3,139,0.6187,1
699,East,Government,42,28202.87,15,8,2,8,0.3238,1
700,South,SMB,42,26485.21,6,1,2,158,0.5583,1
701,East,Enterprise,61,46694.19,17,8,5,119,0.5341,1
702,South,Startup,26,7137.77,16,6,3,55,0.3417,1
703,West,Government,47,59740.81,16,2,5,64,0.4167,1
704,North,Government,52,40065.76,20,3,1,109,0.5867,1
705,East,Government,60,60251.41,14,9,5,66,0.3262,1
706,East,Government,46,44515.18,0,9,1,131,0.3963,0
707,West,Enterprise,27,48755.5,14,3,4,168,0.565,1
708,South,Startup,50,11599.29,10,10,4,83,0.2083,0
709,South,Enterprise,26,51184.9,0,7,3,107,0.2433,0
710,Central,Government,65,59317.25,14,4,5,163,0.5117,0
711,South,Government,46,35963.38,18,10,5,54,0.22,0
712,North,SMB,64,20646.66,7,2,3,46,0.3367,0
713,North,Enterprise,46,84596.39,13,7,3,37,0.2567,0
714,East,SMB,29,19260.52,12,6,4,75,0.4568,1
715,Central,Enterprise,51,79135.47,16,5,4,48,0.335,0
716,South,Enterprise,43,82819.53,10,7,1,62,0.3083,0
717,North,Enterprise,42,55779.91,11,10,3,72,0.22,0
718,South,Enterprise,63,46549.55,19,4,1,87,0.515,0
719,East,SMB,42,26547.96,20,1,5,79,0.7347,1
720,West,Startup,58,4952.15,8,2,1,78,0.44,0
721,West,Startup,38,6929.51,10,2,3,165,0.565,0
722,East,Government,26,38464.19,14,9,1,139,0.6187,1
723,North,SMB,41,16817.96,20,6,2,1,0.3117,1
724,South,SMB,62,22555.74,11,6,2,18,0.25,0
725,West,SMB,39,10780.06,17,9,5,114,0.335,0
726,East,Startup,48,10265.98,16,5,1,49,0.5752,0
727,Central,SMB,58,18845.35,14,6,4,152,0.4633,1
728,Central,Enterprise,60,74258.13,10,7,5,33,0.18,0
729,South,SMB,46,11404.8,16,8,4,171,0.465,1
730,East,Government,52,40825.77,20,2,3,162,0.95,1
731,East,Enterprise,54,35980.99,8,8,5,98,0.3528,1
732,East,Enterprise,63,83120.01,19,1,4,102,0.8047,0
733,North,Startup,34,5045.77,6,6,1,130,0.4067,0
734,West,Government,26,39239.73,16,5,3,151,0.5267,1
735,East,Enterprise,32,78645.61,11,9,5,43,0.2272,0
736,West,Enterprise,26,68724.02,19,9,2,23,0.2633,0
737,South,Enterprise,34,87321.11,9,6,1,113,0.4083,1
738,South,Startup,59,8676.17,8,10,5,139,0.2617,0
739,East,Startup,31,10913.69,14,8,3,63,0.4132,0
740,North,SMB,30,20036.0,1,3,1,107,0.3933,1
741,East,SMB,35,13012.05,16,7,2,68,0.5196,1
742,East,SMB,31,12775.1,13,8,3,25,0.3069,1
743,West,Enterprise,41,48210.45,11,10,1,120,0.34,0
744,South,Startup,46,12486.21,16,5,3,142,0.5117,1
745,North,Government,35,59800.98,16,5,2,142,0.5317,1
746,Central,SMB,39,21490.08,20,5,3,145,0.5567,0
747,North,Startup,58,5881.17,4,4,5,174,0.43,1
748,West,Government,39,60590.28,14,10,4,7,0.1217,0
749,Central,Government,25,48530.76,16,1,3,147,0.62,0
750,North,SMB,38,11930.91,12,4,1,46,0.3767,0
751,East,Enterprise,54,56269.03,19,9,2,172,0.7419,1
752,West,Enterprise,40,64592.78,17,9,3,171,0.47,0
753,Central,Startup,41,6271.35,1,2,2,130,0.4367,0
754,West,SMB,30,15622.53,4,2,2,92,0.4033,1
755,Central,Government,28,38030.36,14,1,2,173,0.6633,1
756,East,Startup,34,5339.79,18,9,1,76,0.5244,0
757,North,Startup,43,9955.81,20,6,1,13,0.3517,0
758,Central,Startup,30,13845.31,16,6,1,82,0.4267,0
759,Central,SMB,46,26874.38,3,1,4,58,0.3217,0
760,South,Enterprise,58,79823.39,4,3,3,115,0.3967,0
761,West,Startup,42,10931.98,16,1,4,51,0.44,1
762,East,Startup,50,9722.08,5,4,3,7,0.2924,0
763,North,SMB,51,25725.54,20,8,2,169,0.5417,1
764,North,Enterprise,57,81738.93,17,1,2,135,0.63,0
765,East,Startup,64,4923.29,19,8,1,118,0.6767,1
766,Central,SMB,43,22443.24,17,2,3,147,0.605,1
767,East,Enterprise,29,37087.29,8,10,4,65,0.2296,0
768,Central,Startup,59,10355.62,15,1,5,107,0.5033,0
769,Central,Government,45,31902.3,19,1,1,6,0.455,1
770,Central,Enterprise,56,44534.27,1,2,3,168,0.48,0
771,East,Startup,33,10393.46,17,2,3,144,0.87,1
772,West,SMB,62,9461.99,0,10,1,119,0.2283,0
773,West,Enterprise,33,66064.99,5,9,1,174,0.395,1
774,South,SMB,33,17586.59,0,10,1,23,0.0683,0
775,North,Startup,57,10118.27,14,8,2,90,0.35,0
776,West,Enterprise,64,82737.09,19,6,3,105,0.455,1
777,South,Enterprise,25,54726.49,1,9,5,77,0.1133,0
778,South,Government,45,29741.83,11,10,4,97,0.2417,0
779,South,Startup,44,8518.08,19,6,2,139,0.5317,0
780,West,Government,63,26470.21,18,6,4,74,0.3733,0
781,East,Government,62,29013.2,14,7,1,38,0.4471,0
782,Central,Startup,48,11488.78,18,9,1,11,0.2533,0
783,East,Government,29,33158.62,4,3,3,144,0.6452,1
784,East,Startup,61,8251.04,3,2,1,93,0.6018,1
785,Central,Government,56,61498.48,4,9,4,137,0.2633,1
786,North,Startup,49,9238.21,16,9,4,56,0.2483,0
787,North,Government,35,29957.15,4,7,3,165,0.38,0
788,South,Startup,41,7274.35,6,9,1,114,0.305,0
789,East,Startup,36,5602.05,19,6,1,79,0.6549,1
790,West,Startup,54,11233.88,13,5,3,167,0.5233,0
791,East,Enterprise,56,67059.42,10,9,3,51,0.29,1
792,West,Government,33,35674.26,5,9,4,24,0.085,0
793,Central,Startup,41,13472.85,5,5,5,143,0.3633,0
794,Central,Government,40,34918.49,16,5,4,17,0.2833,0
795,South,Startup,45,13165.56,6,1,2,155,0.5533,1
796,Central,Enterprise,40,31454.86,15,3,1,156,0.615,0
797,West,SMB,47,23594.62,11,8,3,163,0.4217,0
798,North,Startup,61,9397.52,8,3,1,13,0.3067,0
799,West,Startup,49,9287.79,7,8,4,9,0.105,0
800,West,Enterprise,52,72125.55,9,3,1,178,0.5917,0
801,South,SMB,47,23134.67,16,6,2,161,0.5383,0
802,Central,Startup,32,8412.69,9,10,4,148,0.3067,1
803,East,Government,65,31771.82,3,9,1,124,0.4229,0
804,Central,Enterprise,39,31170.31,2,1,2,84,0.395,0
805,North,Startup,63,13142.04,20,5,5,43,0.3467,0
806,West,Enterprise,32,83775.37,20,7,4,125,0.4533,0
807,West,Government,38,23955.85,20,4,3,25,0.3817,0
808,West,Enterprise,34,78883.51,4,10,2,86,0.1933,0
809,Central,Government,40,27497.51,16,7,5,124,0.3917,0
810,West,Government,45,52978.94,5,5,5,50,0.2083,1
811,Central,Enterprise,34,32240.13,12,2,3,87,0.455,0
812,Central,SMB,58,12792.72,14,6,2,39,0.315,0
813,East,Government,47,58967.48,11,2,3,32,0.5123,1
814,South,Government,46,53779.26,8,2,1,108,0.49,0
815,East,Startup,58,13846.79,16,4,3,98,0.6718,0
816,East,Enterprise,43,36773.65,2,2,1,103,0.6114,1
817,Central,Enterprise,36,76300.6,3,3,3,150,0.445,0
818,East,SMB,48,9897.99,20,4,3,76,0.6767,1
819,West,SMB,26,13908.63,2,5,5,145,0.3367,1
820,Central,Enterprise,41,80877.59,9,8,5,94,0.2467,0
821,East,SMB,40,9970.12,12,7,4,11,0.2658,0
822,East,SMB,39,16545.94,18,3,2,137,0.8603,1
823,South,Enterprise,48,30702.4,11,9,1,39,0.23,0
824,Central,Startup,52,11985.39,17,4,1,86,0.4933,1
825,West,Startup,26,10448.91,13,7,5,30,0.205,0
826,Central,Government,42,50126.48,13,5,4,112,0.4117,0
827,Central,SMB,48,11891.54,7,9,3,124,0.2917,0
828,South,Enterprise,34,89765.95,15,1,1,26,0.4483,1
829,South,SMB,46,17010.52,15,4,5,60,0.35,0
830,East,Enterprise,29,79854.07,19,3,2,122,0.8386,1
831,North,Government,55,56234.9,20,1,2,31,0.4867,1
832,East,SMB,56,11120.88,16,1,5,136,0.8144,1
833,North,Startup,40,11108.78,14,8,3,57,0.275,1
834,South,Startup,53,11862.63,8,4,2,22,0.2767,1
835,South,Enterprise,50,56045.8,8,5,3,3,0.2,0
836,West,Startup,36,13154.27,15,9,4,133,0.3667,0
837,North,Enterprise,47,84564.53,11,3,3,128,0.4883,0
838,Central,SMB,49,25833.59,19,3,5,155,0.5733,1
839,West,Enterprise,25,81140.45,20,4,1,5,0.3883,0
840,South,Enterprise,60,81178.92,12,6,2,86,0.3733,0
841,Central,SMB,32,25515.4,3,1,5,144,0.445,1
842,East,SMB,64,25131.65,7,3,1,68,0.5631,0
843,East,SMB,45,13576.79,9,2,1,157,0.8434,1
844,East,Government,56,48948.77,13,10,5,124,0.4157,0
845,West,Enterprise,60,56813.17,1,10,5,159,0.225,1
846,East,Startup,35,9143.91,13,3,5,55,0.5027,1
847,West,Government,27,41580.38,4,4,1,172,0.5067,1
848,West,Government,62,33339.57,13,3,1,64,0.4417,0
849,East,Enterprise,46,80788.8,6,2,3,49,0.4809,0
850,East,Government,32,37219.93,11,1,3,175,0.8942,1
851,South,Startup,30,12129.54,6,9,4,11,0.0733,1
852,North,Enterprise,60,36502.58,17,3,2,168,0.635,0
853,Central,SMB,34,23830.67,17,1,1,104,0.5983,1
854,East,Government,44,28021.19,10,9,1,153,0.5945,0
855,South,SMB,61,16173.74,4,5,2,170,0.4583,1
856,South,Government,31,37789.34,7,4,4,106,0.3667,1
857,East,SMB,58,22814.78,18,5,3,82,0.6259,1
858,East,Enterprise,65,49388.68,9,2,2,42,0.5365,1
859,West,Enterprise,47,44518.06,14,10,3,59,0.2283,0
860,East,Startup,48,10599.3,4,9,1,83,0.3383,1
861,North,Startup,44,9330.62,7,7,3,49,0.2167,0
862,Central,SMB,37,16238.17,10,3,1,62,0.4083,0
863,East,Government,30,26955.97,0,6,3,61,0.2779,0
864,North,SMB,33,11822.5,20,6,4,179,0.5683,1
865,North,Enterprise,28,36761.35,10,5,4,143,0.4333,1
866,West,Startup,39,9231.97,16,3,4,35,0.3633,0
867,South,Government,31,44427.56,16,10,1,130,0.4067,1
868,South,Startup,63,12286.0,2,3,3,113,0.3733,1
869,East,SMB,31,20528.42,8,1,2,164,0.8531,0
870,East,Enterprise,64,64940.25,9,10,2,24,0.203,0
871,North,Government,31,21969.71,2,10,1,82,0.1867,0
872,North,SMB,34,22907.03,17,1,4,65,0.4733,1
873,North,Startup,60,10098.3,13,4,2,171,0.575,0
874,North,Enterprise,36,56074.19,6,10,4,15,0.055,0
875,West,SMB,42,19178.19,6,9,1,3,0.12,1
876,South,Government,30,60759.62,2,6,1,104,0.3233,1
877,West,Startup,49,11925.01,12,2,2,157,0.5917,0
878,North,Enterprise,28,58816.64,12,5,4,58,0.3117,0
879,North,SMB,52,10823.92,16,5,1,103,0.4867,1
880,East,Startup,42,8972.92,1,1,5,26,0.3311,1
881,Central,Startup,50,12794.34,0,4,2,7,0.1717,0
882,West,SMB,50,23382.17,2,6,4,140,0.3233,0
883,Central,SMB,40,10996.1,9,8,4,135,0.335,1
884,West,SMB,59,18779.74,9,9,4,168,0.365,1
885,North,Enterprise,58,85369.64,9,5,3,177,0.5,0
886,North,SMB,48,23220.38,17,5,2,29,0.3533,1
887,Central,Startup,42,7010.3,7,1,2,96,0.465,0
888,Central,Startup,53,6452.29,6,10,1,3,0.095,0
889,West,SMB,57,26587.78,5,6,2,74,0.2833,1
890,South,SMB,40,20995.91,2,2,2,48,0.31,1
891,West,SMB,42,11508.63,14,7,5,117,0.36,0
892,West,Enterprise,63,67000.28,17,5,3,43,0.3567,0
893,North,Startup,61,11627.36,19,9,5,72,0.285,0
894,East,Startup,44,6354.15,15,4,1,89,0.6936,1
895,North,Government,39,51240.7,0,9,1,164,0.3283,0
896,South,SMB,58,11118.88,18,6,4,46,0.3267,1
897,West,Government,58,41163.03,18,9,4,104,0.3483,1
898,East,Enterprise,33,68695.26,18,8,2,129,0.6597,0
899,South,Startup,52,6714.01,17,6,5,56,0.3133,1
900,North,Enterprise,64,63381.47,11,7,3,124,0.3817,1
901,Central,Enterprise,32,59831.09,4,10,2,109,0.2317,1
902,Central,Startup,30,8200.53,20,2,5,101,0.5183,1
903,West,Enterprise,51,68758.13,3,8,2,50,0.1733,0
904,East,Enterprise,41,37381.76,7,6,3,133,0.5534,0
905,South,Government,27,28604.14,16,10,2,15,0.195,0
906,East,SMB,28,20016.0,11,8,3,73,0.3939,0
907,Central,Enterprise,43,85825.24,18,6,1,122,0.5133,0
908,East,Enterprise,48,75367.02,1,5,4,90,0.3697,1
909,South,Enterprise,31,63126.45,4,9,5,67,0.1267,0
910,East,Government,64,53294.6,1,4,3,98,0.4543,1
911,North,Enterprise,51,80900.4,19,9,4,1,0.1867,0
912,West,Startup,26,6976.38,0,6,5,173,0.3383,1
913,South,SMB,48,21600.33,16,6,5,7,0.2217,0
914,South,Government,53,26924.53,18,7,4,144,0.465,1
915,East,Startup,54,7383.71,19,3,3,158,0.8966,1
916,West,SMB,41,16430.43,10,9,3,16,0.1417,0
917,East,SMB,51,11526.82,5,1,3,4,0.3939,1
918,Central,Startup,42,7109.13,3,1,1,60,0.385,0
919,East,SMB,64,10624.5,1,5,1,141,0.58,0
920,West,SMB,53,16071.65,2,6,5,107,0.2483,1
921,North,Startup,48,5588.14,5,10,2,31,0.1117,0
922,South,Government,31,44442.35,7,5,5,170,0.4283,0
923,North,Government,40,41051.13,3,3,4,128,0.3883,0
924,West,Enterprise,53,66097.85,2,5,2,134,0.3783,0
925,East,SMB,30,14552.43,13,9,2,176,0.6646,1
926,North,Startup,26,5581.96,17,1,4,157,0.6267,1
927,Central,Enterprise,25,68237.98,11,10,3,58,0.1967,0
928,West,Startup,55,8503.26,10,2,2,156,0.57,1
929,North,Enterprise,38,35656.41,4,2,1,125,0.4783,0
930,North,SMB,35,14081.12,4,8,1,38,0.1833,0
931,South,Startup,50,12382.76,7,10,3,136,0.2867,1
932,North,Startup,61,9639.22,19,4,3,2,0.3333,0
933,Central,Startup,25,5781.09,13,9,5,117,0.3,0
934,South,Startup,38,11378.83,16,7,4,111,0.39,0
935,West,Enterprise,53,67673.52,5,8,4,90,0.22,1
936,North,Enterprise,26,57080.54,5,5,5,55,0.2167,0
937,North,Government,55,52631.24,3,1,2,174,0.555,1
938,West,Startup,51,8336.72,13,10,3,151,0.3717,0
939,West,Government,38,59843.54,20,6,2,45,0.385,1
940,Central,Government,52,37820.76,8,6,5,14,0.1533,0
941,North,Enterprise,51,46813.04,14,1,1,40,0.4617,1
942,West,SMB,62,15599.51,12,7,5,7,0.1567,0
943,North,Enterprise,65,64726.31,14,3,3,169,0.5867,0
944,East,Government,55,51431.4,3,3,4,172,0.6694,0
945,East,SMB,29,14092.09,0,1,1,47,0.4833,1
946,West,Government,55,29950.62,0,6,1,114,0.32,1
947,South,Government,43,32621.6,19,3,2,109,0.5567,1
948,Central,Government,62,43660.46,2,3,3,104,0.3583,0
949,South,Startup,47,10582.44,13,10,2,64,0.2467,0
950,Central,SMB,32,24934.82,8,3,3,99,0.41,0
951,South,Startup,31,11826.75,6,8,2,63,0.225,0
952,North,Startup,58,8779.63,13,2,3,165,0.595,0
953,East,Startup,44,9724.58,9,4,5,11,0.3021,1
954,South,Enterprise,57,79128.87,19,2,3,15,0.405,0
955,West,Startup,50,8414.94,5,5,5,73,0.2467,0
956,Central,SMB,55,14815.95,9,4,1,120,0.47,1
957,East,Enterprise,53,48288.12,20,2,3,119,0.8531,1
958,Central,Government,41,40314.07,6,7,4,22,0.1417,1
959,West,Government,29,32402.4,0,3,4,157,0.4067,1
960,East,Enterprise,41,65310.79,16,7,1,26,0.4471,0
961,West,SMB,42,23305.02,17,10,1,66,0.31,1
962,West,Startup,40,11876.1,12,2,5,165,0.545,0
963,East,Enterprise,25,35481.06,4,1,2,149,0.7588,1
964,Central,Startup,47,11658.27,16,2,4,45,0.405,1
965,West,SMB,29,20992.5,18,4,3,11,0.3383,1
966,West,SMB,30,10306.01,8,6,4,16,0.1767,0
967,West,Government,29,34035.26,12,3,1,159,0.59,0
968,South,Enterprise,53,70482.75,17,7,3,142,0.4717,1
969,West,Enterprise,41,44988.9,13,7,1,1,0.2367,0
970,Central,Government,53,43538.86,0,1,1,63,0.36,0
971,North,SMB,43,22954.7,0,3,3,124,0.3717,0
972,North,Enterprise,60,68863.72,2,10,2,156,0.29,0
973,North,Startup,44,12153.19,10,7,2,105,0.36,0
974,East,Startup,31,10266.03,10,4,5,139,0.6259,1
975,East,Startup,53,8815.43,20,1,5,69,0.7105,1
976,East,Government,39,25396.89,11,10,1,63,0.3552,1
977,West,Enterprise,51,40831.38,5,5,5,20,0.1583,0
978,Central,SMB,62,22565.08,8,3,5,124,0.4117,1
979,West,Government,45,23911.37,3,5,1,42,0.255,0
980,North,Government,37,25931.65,0,7,3,43,0.1367,0
981,West,Government,50,40272.58,7,10,1,119,0.2983,0
982,North,Startup,40,7227.59,2,1,4,34,0.2717,0
983,West,Startup,56,10836.36,5,4,1,123,0.435,1
984,North,Enterprise,41,56431.29,20,9,5,34,0.2317,1
985,East,Enterprise,45,77943.16,13,5,2,103,0.6332,0
986,South,Government,64,32395.84,11,10,1,90,0.29,0
987,North,Government,30,31289.74,9,9,5,113,0.2533,0
988,Central,Startup,46,13538.82,8,7,2,64,0.2717,0
989,North,SMB,56,25655.61,3,9,5,50,0.0883,0
990,West,Government,52,36526.38,4,7,5,93,0.22,0
991,North,Government,43,51462.3,9,1,1,177,0.64,0
992,South,Government,52,48954.42,8,7,5,4,0.1117,0
993,East,Government,50,38608.74,8,6,1,33,0.3842,1
994,Central,Government,29,51998.28,18,4,2,32,0.3933,0
995,East,Government,33,31110.44,10,3,3,135,0.7105,1
996,North,Government,31,46699.94,12,4,1,78,0.43,1
997,Central,Enterprise,58,50042.12,12,9,4,40,0.1817,0
998,South,Startup,39,10262.27,20,9,1,91,0.4067,1
999,West,SMB,34,13827.41,17,4,1,157,0.6117,0
1000,East,Startup,36,10296.64,12,9,5,73,0.3142,0
1001,West,SMB,62,20177.1,14,3,4,5,0.2933,1
1002,North,Government,26,54925.66,14,6,2,142,0.4867,0
1003,North,SMB,33,26660.85,19,1,5,119,0.5633,0
1004,South,Government,65,29896.5,17,5,5,82,0.3817,0
1005,South,Startup,40,7883.73,17,5,5,127,0.4567,0
1006,South,Government,54,45257.03,6,5,3,13,0.1967,0
1007,East,SMB,34,15958.95,12,8,4,68,0.3673,0
1008,West,Government,64,57163.87,12,9,3,114,0.325,0
1009,West,Government,40,32172.08,11,9,2,177,0.44,1
1010,North,Government,28,52044.23,9,7,5,54,0.205,0
1011,South,Government,38,49596.47,11,10,3,127,0.3117,1
1012,East,Startup,46,13209.28,20,5,1,29,0.5848,0
1013,Central,Government,51,48432.11,8,8,5,156,0.34,0
1014,North,Government,37,40712.27,14,5,2,70,0.3917,1
1015,West,Startup,27,5003.0,5,10,5,14,0.0233,0
1016,West,Startup,46,10257.37,9,3,1,175,0.5867,0
1017,Central,Startup,30,13296.39,13,4,3,126,0.48,1
1018,South,Enterprise,58,64808.27,19,2,5,139,0.5717,1
1019,West,Enterprise,52,48186.03,12,10,2,155,0.3883,0
1020,South,Enterprise,50,35092.89,19,10,3,134,0.4033,1
1021,South,Startup,33,11489.68,14,9,1,9,0.21,0
1022,South,Enterprise,28,75171.38,15,6,2,124,0.4667,1
1023,East,SMB,35,17498.36,19,1,2,112,0.8869,0
1024,West,Startup,42,6929.15,4,8,5,134,0.2633,0
1025,East,Government,41,49385.58,18,3,4,37,0.5607,0
1026,West,Government,38,21751.96,4,4,4,12,0.18,0
1027,North,Government,48,22565.24,14,6,3,20,0.2633,0
1028,South,SMB,27,22567.96,10,2,4,168,0.55,0
1029,North,Government,41,45969.99,8,3,2,31,0.3167,0
1030,North,Enterprise,42,33382.55,15,4,1,160,0.5967,0
1031,Central,Government,47,52628.96,13,9,2,45,0.24,1
1032,West,Enterprise,42,87828.42,13,10,5,115,0.2717,0
1033,South,Startup,58,13459.24,12,6,3,119,0.4083,1
1034,South,SMB,28,12461.67,16,6,5,58,0.3067,1
1035,Central,Government,27,36091.31,13,8,4,132,0.37,1
1036,South,Enterprise,37,45460.67,5,4,2,23,0.2483,0
1037,South,Government,60,23403.96,2,1,5,144,0.435,1
1038,West,Enterprise,37,48439.36,9,9,1,119,0.3433,0
1039,South,SMB,43,15280.29,12,6,2,81,0.365,1
1040,West,Startup,50,11190.57,6,9,5,4,0.0417,0
1041,North,Startup,35,13251.7,16,7,4,125,0.4133,0
1042,East,Government,42,21992.27,0,1,5,54,0.3842,0
1043,South,Government,44,58069.41,1,1,4,165,0.48,1
1044,Central,SMB,42,19794.48,17,5,1,60,0.425,0
1045,South,SMB,58,12401.19,14,5,2,142,0.5117,0
1046,South,Startup,30,9014.26,15,6,4,85,0.3617,0
1047,East,Startup,51,10441.5,3,9,1,100,0.3649,1
1048,East,Government,40,36839.02,1,6,2,66,0.3335,1
1049,West,Startup,30,9010.55,12,5,5,93,0.35,0
1050,West,Government,30,37174.28,11,4,2,47,0.3483,1
1051,West,Government,41,28341.96,10,2,5,175,0.5417,0
1052,West,SMB,31,26757.1,4,7,4,62,0.1883,0
1053,North,Startup,55,4822.78,18,2,4,129,0.565,0
1054,West,Government,51,47277.76,9,3,5,58,0.3117,0
1055,South,SMB,57,13311.71,13,3,4,55,0.3667,0
1056,North,Enterprise,61,34965.39,16,3,1,103,0.5367,1
1057,East,Startup,44,12625.63,19,7,5,46,0.4229,0
1058,North,Enterprise,30,42465.24,17,3,4,95,0.4733,1
1059,North,SMB,59,25722.16,20,8,5,50,0.2833,0
1060,Central,Enterprise,61,84446.63,15,2,3,103,0.5117,0
1061,Central,Government,26,46542.74,6,6,3,43,0.2217,0
1062,Central,Government,28,46026.85,10,1,1,119,0.5533,0
1063,South,Government,40,29926.68,6,3,5,122,0.3883,0
1064,West,Enterprise,32,87505.71,7,2,5,138,0.45,1
1065,South,Government,47,50885.97,19,5,2,116,0.5183,1
1066,South,Enterprise,51,81733.33,9,6,2,121,0.4017,0
1067,West,Enterprise,41,36511.71,1,2,2,126,0.43,1
1068,South,Startup,59,9595.05,3,7,4,25,0.1167,1
1069,South,SMB,53,15600.09,3,1,5,82,0.3417,0
1070,West,Startup,51,9637.69,9,3,1,105,0.47,1
1071,West,Enterprise,36,46095.37,8,5,2,78,0.345,1
1072,East,Startup,34,5062.75,18,9,4,5,0.2658,1
1073,West,Startup,57,6648.86,18,4,5,48,0.36,1
1074,South,Enterprise,30,38137.83,6,7,2,150,0.395,1
1075,Central,SMB,57,18553.31,14,8,5,128,0.3533,0
1076,North,SMB,45,24836.53,7,6,4,67,0.2517,0
1077,South,Startup,26,14293.11,20,4,5,113,0.4883,1
1078,Central,Government,39,21083.23,8,1,4,75,0.4,0
1079,Central,Government,50,31026.21,16,4,4,122,0.4833,1
1080,West,SMB,40,21076.09,1,4,3,152,0.4033,0
1081,West,Government,27,62372.01,15,7,5,3,0.18,0
1082,West,Government,27,32049.08,1,4,5,54,0.2,1
1083,South,Enterprise,52,67144.92,0,4,3,91,0.2917,0
1084,East,Enterprise,49,57009.15,5,1,5,3,0.3335,0
1085,Central,Enterprise,34,40194.31,3,9,5,135,0.23,0
1086,South,SMB,52,12915.66,0,2,2,131,0.4283,0
1087,North,Government,35,46302.54,12,7,2,156,0.465,0
1088,South,Enterprise,61,36283.57,5,3,4,108,0.375,1
1089,East,Startup,47,6929.16,17,4,4,168,0.8265,0
1090,East,Government,63,52844.57,19,9,4,173,0.6863,1
1091,East,Government,59,50758.99,7,10,1,142,0.4882,0
1092,South,Enterprise,41,82351.71,18,6,5,148,0.4767,0
1093,Central,Government,62,29907.77,6,1,2,143,0.5333,0
1094,East,Government,34,42726.5,11,10,3,36,0.232,0
1095,North,Startup,46,12006.95,16,6,4,31,0.2817,1
1096,West,Enterprise,43,82877.49,17,2,5,151,0.5717,1
1097,North,SMB,62,9703.68,16,2,5,22,0.3467,1
1098,North,Government,33,44844.38,17,9,2,17,0.2333,1
1099,North,Enterprise,27,83131.59,15,1,3,176,0.6583,0
1100,South,Government,55,31478.13,6,10,5,115,0.2017,0
1101,East,Enterprise,62,68664.17,2,10,5,74,0.1353,1
1102,South,SMB,26,12570.17,11,5,3,10,0.2417,0
1103,North,SMB,56,23587.03,15,8,4,64,0.2767,0
1104,North,Startup,29,12842.66,7,7,4,94,0.2717,0
1105,South,Enterprise,52,58369.58,2,4,2,143,0.4183,0
1106,South,Startup,50,6967.62,2,9,3,114,0.225,1
1107,North,SMB,44,9594.06,4,10,2,115,0.2417,0
1108,Central,Startup,43,5301.34,8,8,4,124,0.3067,0
1109,South,SMB,28,18091.88,4,9,3,27,0.1,0
1110,Central,Startup,51,10361.44,17,5,4,32,0.3183,1
1111,West,Government,41,55206.31,6,7,5,30,0.135,0
1112,Central,Enterprise,30,58992.11,2,1,3,42,0.305,1
1113,North,Startup,51,6552.2,17,4,1,33,0.405,1
1114,East,SMB,64,21289.0,20,10,2,99,0.5438,1
1115,West,Government,63,38405.36,1,4,1,17,0.2183,0
1116,East,Enterprise,53,68237.97,6,1,5,96,0.5728,0
1117,Central,Government,53,47361.62,8,4,4,145,0.4417,1
1118,West,Enterprise,45,66509.92,2,3,1,73,0.3467,0
1119,East,Startup,43,8688.5,15,5,1,55,0.5752,1
1120,Central,Government,44,38562.6,12,10,5,60,0.17,1
1121,West,Startup,63,5364.76,11,8,3,42,0.22,0
1122,West,SMB,44,18990.81,13,4,1,170,0.5933,0
1123,South,Startup,37,6927.7,20,9,1,49,0.3367,0
1124,North,Enterprise,52,31364.41,12,3,4,87,0.41,0
1125,West,Startup,26,6859.0,13,9,3,1,0.1467,0
1126,Central,Government,35,27618.01,14,3,2,165,0.6,1
1127,South,Enterprise,27,57033.39,12,5,2,126,0.465,1
1128,East,Enterprise,50,32293.36,19,7,3,119,0.6573,1
1129,North,Government,45,29786.12,8,4,3,112,0.4067,1
1130,Central,Startup,58,4948.32,15,2,5,23,0.3383,1
1131,West,Enterprise,55,57520.31,1,10,4,101,0.1483,0
1132,South,SMB,38,17012.47,4,4,3,30,0.23,0
1133,South,SMB,45,23222.54,9,5,2,47,0.3033,1
1134,North,Government,40,26758.62,6,2,4,141,0.465,1
1135,West,SMB,55,22892.31,16,7,3,11,0.2433,0
1136,North,SMB,52,9872.52,1,7,1,144,0.355,1
1137,North,Government,42,47735.96,4,8,3,73,0.2017,0
1138,Central,Enterprise,49,74615.09,17,9,2,167,0.4833,0
1139,Central,Startup,35,13935.95,5,6,1,75,0.305,0
1140,North,Startup,48,8645.52,15,7,1,6,0.265,0
1141,South,SMB,41,16713.69,1,10,1,97,0.2017,0
1142,East,Startup,41,8218.3,12,4,2,82,0.6042,1
1143,East,SMB,51,10355.97,18,9,2,98,0.5486,0
1144,North,Enterprise,45,68537.97,13,3,3,12,0.315,0
1145,West,Enterprise,37,67856.5,1,3,4,82,0.2917,1
1146,West,SMB,45,20595.97,15,4,2,54,0.4,0
1147,South,Enterprise,26,30151.94,8,8,4,103,0.2717,0
1148,East,Startup,63,12422.56,13,9,1,140,0.6066,0
1149,South,Enterprise,61,32811.29,20,6,2,56,0.4033,0
1150,West,SMB,32,13586.92,8,7,1,93,0.34,0
1151,South,Startup,48,12967.28,3,10,4,128,0.2133,0
1152,West,Government,52,24418.95,8,9,1,71,0.2533,0
1153,North,Enterprise,26,67596.91,0,7,2,32,0.1383,0
1154,South,SMB,48,18486.69,6,7,2,140,0.3783,0
1155,Central,SMB,30,20586.43,16,10,1,78,0.32,0
1156,Central,Startup,36,8744.26,12,5,3,120,0.435,0
1157,South,Government,63,26011.65,9,9,1,66,0.255,1
1158,East,Startup,31,6259.63,7,4,3,94,0.5317,0
1159,East,Government,37,36147.21,20,9,3,123,0.609,0
1160,South,SMB,50,11542.27,16,9,2,176,0.4883,1
1161,West,Enterprise,54,37355.71,10,8,5,169,0.3817,0
1162,West,Startup,40,7921.65,19,6,1,59,0.4183,1
1163,East,Government,45,45965.16,7,5,5,99,0.4495,1
1164,West,Government,39,40173.21,11,3,4,51,0.34,0
1165,North,Enterprise,52,38316.78,15,8,2,163,0.4817,1
1166,North,Enterprise,65,44758.28,20,7,5,71,0.3433,0
1167,North,SMB,52,17735.2,13,6,1,121,0.4617,0
1168,South,Enterprise,41,82892.35,15,5,5,3,0.23,0
1169,West,SMB,35,16851.81,1,3,1,43,0.2867,1
1170,North,Enterprise,58,55576.73,5,1,5,140,0.4583,1
1171,Central,SMB,28,15894.19,10,7,2,59,0.2833,0
1172,South,Government,58,57333.32,6,1,2,171,0.58,0
1173,North,Government,45,41659.34,7,7,3,1,0.1367,0
1174,North,Government,56,34492.33,19,10,1,145,0.4617,1
1175,East,Startup,45,11074.87,19,1,3,126,0.8918,1
1176,West,SMB,62,9784.86,11,7,3,36,0.235,0
1177,East,SMB,50,12515.48,19,1,3,52,0.7129,0
1178,South,Enterprise,54,50942.95,15,7,4,19,0.2267,1
1179,North,SMB,26,24421.45,20,1,1,152,0.7083,0
1180,West,Government,56,29127.73,17,9,3,37,0.2467,0
1181,East,Government,59,46182.44,1,7,5,173,0.4688,0
1182,Central,Enterprise,46,83738.99,11,5,2,133,0.4667,1
1183,South,Startup,59,6578.33,8,4,5,10,0.1967,0
1184,South,Startup,31,11609.41,12,1,2,86,0.4983,0
1185,South,Startup,65,14320.86,17,6,5,81,0.355,1
1186,North,Enterprise,37,37539.43,8,5,4,56,0.2683,0
1187,Central,Startup,55,5097.96,15,5,5,180,0.525,0
1188,East,SMB,31,12137.65,17,6,3,44,0.4833,1
1189,Central,SMB,49,16101.49,11,5,5,166,0.4617,1
1190,North,Enterprise,65,71300.15,7,2,4,176,0.5333,0
1191,Central,Government,26,32943.22,16,8,4,140,0.4133,1
1192,South,Enterprise,54,60000.8,16,1,4,88,0.5017,0
1193,West,SMB,38,20310.05,2,5,2,82,0.2917,0
1194,Central,Government,37,62316.5,6,6,1,21,0.225,0
1195,East,SMB,41,10590.05,15,8,5,44,0.3238,1
1196,East,Startup,38,13712.79,0,10,2,42,0.116,0
1197,West,Startup,58,6049.91,20,4,5,29,0.3483,0
1198,East,SMB,36,18951.52,11,6,4,155,0.6356,0
1199,Central,Enterprise,46,41345.63,6,8,5,81,0.195,0
1200,North,SMB,34,12099.31,18,6,5,56,0.3233,1
1201,West,Startup,51,5387.47,11,7,1,75,0.34,0
1202,North,Startup,60,13833.83,12,9,5,103,0.2667,1
1203,West,Enterprise,41,55160.33,16,5,4,47,0.3333,1
1204,Central,Government,39,21044.91,3,3,1,151,0.4867,1
1205,West,SMB,65,19920.09,3,3,4,55,0.2667,0
1206,West,SMB,55,12628.14,20,2,3,8,0.4033,0
1207,East,Enterprise,56,32413.3,10,2,4,104,0.6428,0
1208,East,Enterprise,50,34661.08,4,8,4,149,0.4471,1
1209,Central,Startup,40,6910.03,18,7,1,157,0.5467,1
1210,Central,Enterprise,27,58828.29,4,9,2,106,0.2517,0
1211,Central,Government,32,57188.92,0,8,5,93,0.155,0
1212,West,Enterprise,64,83244.16,5,2,3,29,0.2883,0
1213,North,Startup,39,12308.89,19,8,5,14,0.2133,1
1214,West,Startup,26,7144.7,14,3,2,64,0.4317,0
1215,South,Enterprise,45,48073.0,17,1,1,117,0.62,0
1216,Central,SMB,38,16584.23,14,10,5,151,0.3417,1
1217,East,Government,60,35180.71,8,10,2,40,0.2272,1
1218,North,Startup,36,5846.3,4,6,3,10,0.1467,0
1219,East,Government,31,61106.67,14,2,2,153,0.8772,1
1220,East,SMB,51,11327.55,2,8,4,22,0.1112,0
1221,South,Startup,38,14086.2,20,10,5,15,0.175,0
1222,West,Startup,61,7596.37,12,10,4,39,0.155,1
1223,South,Startup,25,7908.83,1,8,2,109,0.2517,0
1224,West,Enterprise,30,60828.9,14,5,1,123,0.5,0
1225,Central,Enterprise,32,80952.95,11,4,5,8,0.2233,0
1226,East,Government,37,37799.85,9,4,3,8,0.3528,0
1227,West,Enterprise,32,67718.47,19,3,5,96,0.475,1
1228,East,Enterprise,58,55276.14,12,2,1,156,0.8845,1
1229,West,Startup,27,7527.85,20,10,2,147,0.455,0
1230,Central,Enterprise,47,30393.02,9,3,1,135,0.52,1
1231,North,SMB,28,13485.0,20,7,2,109,0.4667,0
1232,South,SMB,49,14982.95,9,4,4,146,0.4533,1
1233,South,Enterprise,53,52206.96,9,3,3,89,0.4033,1
1234,South,Startup,61,13058.91,4,5,1,84,0.335,1
1235,West,Enterprise,54,38616.72,10,7,1,8,0.2183,0
1236,South,Startup,26,11010.88,3,9,1,172,0.3717,1
1237,North,Enterprise,48,37016.04,2,10,2,22,0.0667,0
1238,East,Enterprise,44,36773.86,20,6,5,33,0.4422,0
1239,Central,SMB,45,18079.39,14,8,1,43,0.2917,0
1240,Central,Enterprise,53,72444.75,3,10,3,108,0.2,1
1241,East,SMB,57,24130.66,20,7,2,88,0.6259,0
1242,Central,Enterprise,40,74778.56,12,7,1,137,0.4533,0
1243,North,Enterprise,64,69304.23,14,3,3,95,0.4633,0
1244,East,Startup,34,5705.1,4,3,1,85,0.5607,0
1245,West,SMB,31,21086.91,8,1,3,83,0.4333,0
1246,West,Startup,56,13267.02,14,6,4,42,0.28,0
1247,Central,Enterprise,43,40492.22,5,10,2,117,0.255,1
1248,North,Government,62,61278.33,12,8,3,87,0.305,1
1249,Central,SMB,31,10438.29,17,2,2,50,0.4633,0
1250,Central,SMB,36,12866.98,9,6,1,173,0.5083,0
1251,Central,Government,45,46730.14,20,2,4,111,0.555,0
1252,Central,Enterprise,55,66073.18,12,7,1,58,0.3217,0
1253,South,Enterprise,40,78730.4,12,3,2,22,0.3417,1
1254,East,Enterprise,50,45807.77,4,1,5,96,0.5438,1
1255,West,Government,25,49445.39,20,3,1,61,0.5067,0
1256,North,Startup,54,11177.75,11,2,5,93,0.415,0
1257,South,SMB,55,25139.22,11,2,2,58,0.4167,1
1258,West,SMB,61,20004.2,11,5,4,140,0.4383,0
1259,South,Startup,55,6697.5,4,6,4,56,0.2033,1
1260,East,Enterprise,45,41531.88,18,10,1,170,0.7153,1
1261,West,Startup,63,6246.2,12,6,1,145,0.4917,1
1262,West,SMB,27,10019.2,13,4,5,140,0.4633,0
1263,West,Government,33,49200.09,4,1,1,3,0.3,0
1264,South,SMB,57,25210.97,2,2,1,2,0.2533,0
1265,Central,Government,43,40929.35,19,6,4,180,0.56,1
1266,West,Startup,56,11526.13,2,4,1,117,0.395,1
1267,North,Government,31,21283.81,16,4,3,147,0.545,1
1268,North,Government,65,57976.5,3,7,3,180,0.395,0
1269,South,Enterprise,36,42071.51,12,9,1,45,0.25,0
1270,Central,Government,58,56727.84,20,2,1,34,0.4867,1
1271,South,Government,27,58293.09,20,2,2,36,0.47,0
1272,North,Government,31,33078.83,5,5,3,141,0.4,0
1273,East,Enterprise,43,50191.12,16,3,2,17,0.5413,0
1274,Central,Startup,35,10176.72,14,4,2,52,0.3867,1
1275,West,Government,38,40587.42,11,4,3,128,0.4633,0
1276,West,Startup,49,7653.42,4,4,1,91,0.3717,1
1277,East,Enterprise,33,36868.62,9,3,5,55,0.4447,1
1278,Central,Startup,50,13675.18,1,7,1,161,0.3833,0
1279,East,Enterprise,40,43872.22,15,7,5,29,0.3238,1
1280,South,Startup,53,10304.08,0,1,2,51,0.32,0
1281,West,Government,48,58609.69,19,1,4,46,0.4617,0
1282,West,Enterprise,61,87115.45,16,7,4,175,0.4967,0
1283,East,Enterprise,43,42085.93,2,7,3,179,0.5558,0
1284,East,Startup,56,12689.86,14,6,3,71,0.5051,1
1285,North,Government,27,49146.52,2,8,2,21,0.115,0
1286,West,Government,37,45715.52,13,3,4,153,0.53,1
1287,East,SMB,28,14273.97,13,5,5,115,0.5752,1
1288,North,SMB,55,22320.12,8,10,2,171,0.375,1
1289,West,Startup,31,5763.93,15,5,3,157,0.5267,1
1290,North,Enterprise,40,52825.34,13,1,4,82,0.4617,1
1291,Central,Enterprise,31,77885.17,0,1,1,17,0.2833,0
1292,Central,SMB,53,9700.31,11,7,2,9,0.21,1
1293,Central,SMB,48,16278.34,20,1,3,57,0.51,0
1294,Central,Startup,28,5346.1,8,2,2,18,0.32,0
1295,East,Government,32,27356.13,11,1,1,34,0.6114,0
1296,South,SMB,55,10448.65,7,3,1,154,0.5317,1
1297,East,Government,49,49881.12,3,3,5,103,0.4737,1
1298,North,Enterprise,48,53639.2,15,2,4,179,0.6183,1
1299,West,SMB,51,17983.51,17,3,1,70,0.4917,0
1300,West,Government,43,51104.21,10,1,2,104,0.5083,0
1301,East,Government,31,44213.19,12,2,2,79,0.6694,1
1302,North,Government,50,47370.77,6,8,5,141,0.295,0
1303,West,Government,43,58231.03,18,6,5,123,0.435,1
1304,West,Government,35,38028.56,18,2,1,123,0.615,1
1305,Central,Government,37,44863.13,2,8,5,45,0.095,0
1306,South,SMB,42,9320.61,5,6,5,99,0.265,0
1307,West,SMB,59,9520.77,12,10,2,117,0.325,0
1308,South,Enterprise,25,70636.12,16,8,2,122,0.4233,0
1309,East,SMB,43,14570.63,7,6,4,77,0.3891,1
1310,North,Government,57,45002.3,1,7,2,113,0.2833,0
1311,South,Enterprise,46,57917.52,12,5,2,141,0.49,1
1312,West,SMB,38,14127.12,12,3,2,73,0.4267,0
1313,East,Startup,33,9954.36,5,3,2,26,0.4036,0
1314,South,Enterprise,42,84541.33,0,1,3,17,0.2433,0
1315,Central,Startup,58,8789.66,19,4,3,6,0.34,0
1316,Central,Startup,37,8981.25,9,1,2,91,0.4767,0
1317,West,Enterprise,38,70388.61,5,1,2,108,0.465,0
1318,North,SMB,49,24031.87,12,4,5,139,0.4517,0
1319,Central,Startup,36,7627.71,2,3,1,1,0.2267,1
1320,Central,Startup,42,13847.06,7,6,2,106,0.3567,1
1321,South,Enterprise,26,62899.62,1,1,1,154,0.5217,1
1322,Central,Government,50,35092.27,19,5,1,14,0.3683,1
1323,North,SMB,31,19570.36,2,2,1,117,0.445,0
1324,North,Government,60,52375.35,4,4,5,86,0.2833,1
1325,East,Government,51,48554.03,8,8,4,124,0.4447,0
1326,North,Government,37,32759.51,14,1,5,70,0.4317,1
1327,East,SMB,56,13723.42,15,7,4,72,0.4568,1
1328,East,Enterprise,28,83982.47,3,10,2,12,0.087,0
1329,East,Enterprise,33,38507.13,1,4,5,127,0.4664,0
1330,West,SMB,59,22128.24,4,10,1,131,0.2883,0
1331,West,Enterprise,34,38300.45,18,2,5,35,0.3883,0
1332,East,Enterprise,43,74199.78,13,6,2,76,0.5317,0
1333,South,SMB,50,25007.44,15,4,1,109,0.5117,1
1334,Central,Startup,26,7746.2,15,5,3,62,0.3683,0
1335,Central,Government,48,31874.0,7,10,4,40,0.1067,0
1336,North,Enterprise,60,59645.07,10,3,5,66,0.335,0
1337,South,Enterprise,32,51384.88,16,8,1,117,0.435,1
1338,North,Startup,60,11530.76,6,10,5,42,0.08,0
1339,Central,Enterprise,65,30387.03,16,7,1,78,0.395,1
1340,North,Startup,62,6947.12,16,6,1,152,0.5433,1
1341,North,Enterprise,42,65087.81,18,7,3,165,0.52,1
1342,South,SMB,54,10719.46,10,10,4,68,0.1833,0
1343,South,SMB,44,12742.29,8,2,1,161,0.5783,0
1344,South,Startup,31,13747.3,8,9,4,177,0.37,0
1345,North,SMB,35,26815.48,8,9,2,16,0.1417,0
1346,South,Enterprise,44,61110.76,5,9,4,79,0.1767,0
1347,South,Startup,37,11422.31,17,7,2,31,0.3067,0
1348,North,Startup,30,13360.55,17,1,4,30,0.415,1
1349,West,Enterprise,61,63319.33,12,6,5,133,0.3917,0
1350,East,Enterprise,56,76573.74,5,4,3,166,0.6767,1
1351,East,Enterprise,37,60277.77,13,2,4,82,0.6332,0
1352,East,Government,45,23718.46,6,10,3,44,0.1788,0
1353,South,Enterprise,65,67859.93,3,10,3,57,0.115,0
1354,Central,Startup,35,5060.64,11,9,3,117,0.32,0
1355,North,Startup,43,12740.74,2,3,3,70,0.3017,0
1356,Central,Startup,38,5318.99,10,1,4,164,0.5683,0
1357,East,SMB,45,12440.34,8,5,3,157,0.6622,0
1358,Central,Startup,55,13589.97,19,8,5,99,0.355,0
1359,North,SMB,60,22682.07,0,1,2,66,0.345,1
1360,South,SMB,48,15947.47,8,7,4,122,0.3283,0
1361,North,Government,50,51141.9,13,4,1,63,0.415,0
1362,West,SMB,32,23703.44,13,3,3,72,0.415,1
1363,North,Government,61,37074.25,14,7,1,1,0.2467,0
1364,East,Enterprise,59,73459.34,6,10,2,111,0.3697,0
1365,West,Government,49,37626.91,4,7,1,130,0.3617,0
1366,East,Startup,60,13909.5,6,8,1,12,0.232,1
1367,East,Startup,60,7409.69,6,8,4,162,0.5075,0
1368,West,SMB,43,11136.1,9,1,3,128,0.5183,0
1369,East,SMB,61,11024.49,3,4,3,129,0.5582,1
1370,West,Enterprise,41,42356.41,1,9,1,68,0.1783,0
1371,Central,Enterprise,28,78591.57,16,9,4,84,0.295,0
1372,West,SMB,37,22422.37,20,6,5,129,0.465,1
1373,East,Enterprise,55,36459.21,14,6,2,76,0.5462,0
1374,West,SMB,60,19948.18,0,3,1,3,0.21,0
1375,South,Startup,50,12490.09,8,3,4,167,0.5033,1
1376,East,Startup,59,8973.3,6,5,4,98,0.4616,0
1377,East,Startup,25,4811.17,5,9,5,1,0.0387,0
1378,East,SMB,44,11188.75,5,5,3,49,0.3577,0
1379,Central,Enterprise,50,57765.63,15,3,2,77,0.4633,1
1380,South,Enterprise,50,63957.31,9,3,2,58,0.3717,0
1381,North,Enterprise,36,85286.8,10,2,2,141,0.545,1
1382,South,Government,26,50551.66,19,1,1,54,0.535,1
1383,South,SMB,42,20358.15,14,10,2,25,0.1917,0
1384,West,SMB,34,24873.46,2,9,1,132,0.295,1
1385,East,Government,60,56620.77,9,2,3,36,0.493,0
1386,East,SMB,57,9089.95,6,2,2,66,0.551,1
1387,Central,Government,28,24344.76,12,10,2,29,0.1783,0
1388,North,SMB,54,18653.72,19,2,5,38,0.4033,1
1389,South,SMB,55,12036.17,18,8,3,91,0.3717,0
1390,Central,SMB,47,15230.79,20,7,2,152,0.5383,1
1391,South,Enterprise,42,67621.14,15,7,2,60,0.335,1
1392,North,Enterprise,35,87713.52,10,2,3,68,0.4033,1
1393,Central,Startup,33,9262.9,15,9,5,96,0.285,1
1394,North,Enterprise,32,37649.2,6,10,4,137,0.2583,0
1395,East,Startup,32,8641.02,17,9,3,5,0.2803,0
1396,North,Enterprise,64,82640.7,1,2,2,163,0.4917,0
1397,East,Enterprise,59,83740.59,1,7,2,116,0.4181,0
1398,Central,Government,44,24063.25,15,9,2,48,0.265,1
1399,South,Startup,36,14098.68,5,3,2,10,0.2517,0
1400,West,Enterprise,30,72481.42,12,9,2,27,0.2,0
1401,South,Startup,33,12743.17,14,5,2,107,0.4533,1
1402,South,SMB,62,18455.23,5,8,1,5,0.1383,0
1403,West,SMB,64,13960.98,18,8,2,68,0.3533,1
1404,South,Government,61,28948.97,9,7,2,169,0.4567,0
1405,North,Government,46,54643.96,4,3,4,123,0.39,0
1406,Central,Government,32,32882.61,12,6,2,173,0.5183,1
1407,South,Startup,54,10578.2,1,4,2,134,0.3933,0
1408,East,Enterprise,42,75795.48,13,6,4,88,0.5027,0
1409,East,SMB,49,22361.51,15,10,2,16,0.2707,0
1410,Central,Startup,47,8666.07,4,2,1,122,0.4733,0
1411,West,Enterprise,65,63365.32,4,7,4,175,0.3767,1
1412,West,Enterprise,30,68208.78,13,4,3,58,0.3667,1
1413,North,Startup,52,8217.47,5,3,5,115,0.3667,1
1414,South,Enterprise,54,87324.03,7,6,5,70,0.2367,1
1415,South,Government,29,52911.13,20,7,5,33,0.28,0
1416,South,SMB,60,15383.19,12,7,2,29,0.2533,0
1417,East,SMB,43,11193.94,9,6,4,13,0.2634,1
1418,North,Government,55,34275.06,6,5,2,57,0.29,1
1419,East,Government,64,62776.66,20,10,3,82,0.4737,1
1420,South,Enterprise,62,52186.45,20,8,4,27,0.265,0
1421,Central,Enterprise,28,72527.99,13,4,3,116,0.4633,1
1422,South,SMB,60,22059.77,4,6,5,156,0.35,0
1423,Central,Startup,44,8176.03,11,6,1,80,0.3733,1
1424,East,Government,63,54152.58,0,5,5,14,0.1426,0
1425,North,Government,54,55277.12,19,3,3,67,0.4667,0
1426,South,SMB,37,10564.71,4,1,3,154,0.5117,0
1427,East,Government,59,57937.95,9,1,5,177,0.812,1
1428,East,Enterprise,64,45476.65,6,5,4,69,0.3915,0
1429,Central,Government,61,41346.08,4,7,5,109,0.2467,0
1430,East,Startup,58,6664.46,9,1,5,30,0.4568,0
1431,West,Enterprise,42,58979.3,14,1,2,159,0.64,1
1432,Central,Startup,42,13903.61,18,9,2,83,0.3533,0
1433,South,Government,33,27256.73,13,8,4,84,0.29,0
1434,West,SMB,55,20795.91,19,4,2,166,0.6267,0
1435,East,Startup,61,13905.54,8,2,5,79,0.5244,1
1436,Central,Government,35,29389.27,2,4,5,100,0.2867,1
1437,West,Startup,40,7260.84,20,2,3,97,0.5517,1
1438,North,Government,25,23870.18,13,5,3,44,0.3183,0
1439,South,Startup,34,10869.68,19,1,1,58,0.5417,1
1440,East,SMB,49,19557.18,12,5,3,146,0.6936,1
1441,East,Startup,28,4845.79,0,2,4,116,0.5268,0
1442,West,Startup,33,13256.42,0,4,3,148,0.3867,1
1443,East,Enterprise,32,48870.6,19,10,2,104,0.5413,0
1444,East,Enterprise,60,67968.05,3,1,5,97,0.5317,1
1445,South,Startup,26,11209.51,0,6,3,110,0.2733,0
1446,Central,Government,58,39545.42,9,8,4,129,0.325,1
1447,North,SMB,34,19679.31,13,4,2,118,0.4867,0
1448,North,Enterprise,65,39405.62,17,3,5,141,0.53,0
1449,South,Enterprise,42,36605.39,19,10,2,117,0.395,0
1450,Central,Government,25,42215.71,7,3,5,92,0.3483,0
1451,West,Startup,60,7352.63,7,2,5,126,0.43,0
1452,South,Government,34,41922.38,3,5,1,162,0.455,0
1453,West,SMB,34,25337.64,17,4,1,78,0.48,0
1454,West,Government,58,27077.31,16,9,3,54,0.265,0
1455,Central,SMB,58,20413.34,3,5,5,178,0.4017,1
1456,South,SMB,65,14312.7,20,1,2,20,0.4683,0
1457,East,Government,52,61503.44,14,2,5,64,0.5752,0
1458,South,Government,33,33676.8,4,10,2,48,0.13,0
1459,East,SMB,33,11921.0,14,2,1,82,0.7347,1
1460,South,Startup,56,9781.4,9,9,1,141,0.38,0
1461,South,Enterprise,48,71737.77,9,1,3,132,0.525,1
1462,West,Enterprise,42,30806.99,3,9,4,178,0.3217,0
1463,North,Startup,50,12570.02,16,1,3,8,0.3883,1
1464,East,Startup,48,6539.99,11,3,4,81,0.5655,0
1465,West,Enterprise,50,59379.51,5,7,5,141,0.31,0
1466,South,SMB,43,21647.31,16,1,5,111,0.52,1
1467,West,SMB,25,19335.61,12,8,3,83,0.2983,0
1468,South,Government,50,48707.45,9,8,5,149,0.3383,0
1469,South,SMB,64,9264.48,15,5,4,42,0.315,0
1470,West,Enterprise,32,33308.1,10,1,4,165,0.57,0
1471,South,Startup,57,11432.89,15,7,4,50,0.2783,0
1472,West,Enterprise,63,63112.18,13,5,1,96,0.445,0
1473,West,Government,53,62133.95,8,2,3,30,0.32,0
1474,West,Enterprise,36,81719.99,20,6,2,16,0.3367,0
1475,North,Startup,53,10521.91,7,5,1,178,0.5217,1
1476,North,Startup,57,13534.54,17,6,1,70,0.4167,0
1477,West,Startup,50,5235.5,13,1,4,62,0.4283,0
1478,West,Enterprise,32,60409.57,5,5,2,8,0.1983,0
1479,North,SMB,48,21737.77,5,3,1,103,0.4267,0
1480,North,Startup,31,9091.15,7,8,1,74,0.2733,0
1481,East,SMB,32,14196.48,0,3,1,153,0.667,0
1482,North,Enterprise,33,68794.41,16,4,3,132,0.52,1
1483,South,Startup,45,13375.38,20,8,3,67,0.3517,0
1484,West,SMB,63,21756.5,9,2,2,83,0.4383,1
1485,North,Enterprise,32,77947.41,12,10,4,49,0.1717,0
1486,West,Startup,42,4833.94,20,9,1,11,0.2733,0
1487,South,Government,46,28701.32,16,5,1,142,0.5517,1
1488,North,Startup,37,10722.29,1,10,1,93,0.195,0
1489,East,Enterprise,40,54729.32,20,10,3,108,0.5365,1
1490,West,Startup,51,8604.56,7,4,1,177,0.545,1
1491,North,SMB,46,13595.61,14,4,1,101,0.4883,1
1492,West,Government,45,62726.12,9,7,3,102,0.325,0
1493,West,SMB,45,21839.58,2,1,3,140,0.4683,1
1494,Central,Enterprise,29,70173.54,9,6,3,111,0.365,1
1495,West,Government,36,38840.58,17,10,4,52,0.2267,0
1496,North,Enterprise,36,42479.17,2,10,5,94,0.1267,0
1497,West,Government,35,37701.11,15,10,3,92,0.2933,0
1498,West,Enterprise,51,46822.09,12,3,1,145,0.5667,1
1499,West,Startup,57,9847.58,0,9,1,44,0.1283,0
1500,North,Enterprise,38,43676.34,16,10,4,122,0.3333,0
1501,West,Enterprise,61,83113.92,8,2,4,142,0.4867,0
1502,North,Government,29,57000.16,15,4,4,61,0.3717,0
1503,West,Enterprise,63,75179.04,1,7,2,165,0.37,1
1504,South,Government,25,22429.76,10,2,1,110,0.5133,1
1505,North,SMB,31,13670.54,2,4,4,95,0.2983,0
1506,Central,SMB,52,11211.92,20,3,4,68,0.4583,1
1507,East,Enterprise,53,64938.29,5,1,4,50,0.4761,0
1508,North,Startup,28,8742.43,15,10,2,107,0.3383,0
1509,South,Enterprise,53,34917.13,2,2,2,161,0.4983,0
1510,West,Enterprise,35,79731.83,14,1,5,60,0.415,0
1511,West,Enterprise,65,49942.8,6,5,5,116,0.3283,0
1512,South,Startup,65,5144.22,17,4,5,120,0.47,0
1513,West,Enterprise,38,73045.26,19,6,3,37,0.3417,0
1514,East,Government,52,60250.43,10,1,1,119,0.8023,1
1515,East,Enterprise,43,39431.81,5,4,3,119,0.5631,1
1516,Central,Enterprise,46,57737.87,8,2,4,159,0.515,1
1517,South,Enterprise,47,47183.0,9,1,5,143,0.5033,0
1518,East,Enterprise,57,38304.73,3,10,5,131,0.2876,0
1519,North,Startup,34,14036.33,18,9,1,74,0.3583,1
1520,Central,Government,29,62169.52,13,10,3,100,0.2867,0
1521,East,Enterprise,44,53688.46,16,10,2,175,0.6694,1
1522,Central,Government,40,24162.73,15,8,1,134,0.4533,0
1523,South,Enterprise,49,37386.25,2,3,4,130,0.3817,1
1524,East,SMB,38,21542.43,3,10,4,109,0.2634,1
1525,North,Enterprise,47,85162.7,16,8,3,150,0.45,0
1526,Central,Startup,47,13533.71,3,2,1,40,0.3267,1
1527,North,SMB,50,16087.27,8,1,4,80,0.4083,1
1528,Central,SMB,57,25380.39,14,8,2,32,0.2533,0
1529,West,Government,59,56124.35,2,2,2,48,0.31,0
1530,Central,Startup,65,10092.86,5,2,1,109,0.4617,0
1531,West,Enterprise,33,53074.43,9,1,5,172,0.5517,1
1532,South,Government,26,27225.68,12,3,3,158,0.5483,0
1533,Central,Government,33,33840.53,10,9,1,111,0.34,0
1534,East,SMB,25,11542.18,20,4,2,17,0.5631,1
1535,East,Startup,32,7025.02,6,9,3,8,0.1281,0
1536,West,Government,25,29006.66,9,10,1,93,0.275,1
1537,East,Enterprise,41,72831.53,0,5,3,78,0.3552,1
1538,South,Government,50,23548.63,1,7,4,118,0.2517,0
1539,South,Enterprise,49,54165.81,11,7,2,24,0.235,1
1540,West,Enterprise,37,57977.89,12,5,1,64,0.3817,0
1541,East,Government,65,52138.93,6,6,4,7,0.2054,0
1542,North,Government,29,24954.63,13,10,1,116,0.3533,1
1543,North,Government,57,38792.79,2,5,5,113,0.2833,0
1544,North,Startup,52,12598.86,3,1,3,114,0.435,1
1545,West,Startup,37,5519.11,9,4,1,170,0.5533,0
1546,West,Enterprise,31,32399.18,10,9,2,136,0.3617,0
1547,South,Government,54,49033.89,17,3,5,146,0.5383,0
1548,East,Startup,46,5716.3,4,3,3,73,0.4737,0
1549,East,Government,28,51421.38,18,4,3,104,0.7153,1
1550,East,Startup,57,7515.51,13,10,1,153,0.6018,0
1551,West,SMB,49,25631.67,5,1,3,116,0.4583,0
1552,East,SMB,53,18830.18,14,2,1,48,0.6525,1
1553,Central,Enterprise,49,37015.76,3,7,5,138,0.285,0
1554,Central,Enterprise,38,65754.95,18,1,1,176,0.7283,0
1555,Central,Startup,45,8865.01,10,8,2,10,0.1767,0
1556,West,Enterprise,65,79653.18,5,1,5,18,0.255,1
1557,South,SMB,43,11051.22,4,6,3,145,0.3717,0
1558,North,Enterprise,38,44400.23,9,9,3,173,0.3933,0
1559,West,Enterprise,61,75771.66,1,10,5,126,0.17,0
1560,West,Government,43,44832.72,14,2,5,180,0.59,0
1561,West,Enterprise,34,51968.07,1,10,2,121,0.2217,0
1562,North,Enterprise,30,36910.79,10,4,4,123,0.425,1
1563,East,Government,36,44445.55,1,7,1,99,0.406,0
1564,South,SMB,57,24891.44,6,10,4,126,0.24,0
1565,East,Government,36,59455.4,17,6,3,5,0.3891,0
1566,North,Startup,61,11559.72,2,9,5,174,0.285,0
1567,West,SMB,30,15552.79,4,10,2,135,0.275,0
1568,South,SMB,31,14607.94,2,1,3,166,0.5117,1
1569,Central,Government,31,58627.46,13,2,2,48,0.42,0
1570,West,Government,53,24121.47,10,6,3,102,0.36,0
1571,North,Startup,49,9043.98,11,6,1,89,0.3883,0
1572,North,Startup,54,6082.67,12,5,4,79,0.3467,1
1573,South,Enterprise,64,37608.44,0,8,4,124,0.2267,0
1574,East,Government,35,29385.58,3,2,5,41,0.3601,0
1575,South,SMB,42,24610.85,17,5,3,137,0.5133,1
1576,Central,Startup,36,13219.4,14,2,1,61,0.4717,1
1577,East,Enterprise,53,56043.74,16,9,2,61,0.4302,1
1578,East,Enterprise,39,51341.26,5,8,3,152,0.4978,0
1579,South,Startup,30,11189.67,18,5,1,58,0.4317,0
1580,North,Government,60,61889.25,14,9,3,17,0.1833,0
1581,East,Startup,40,11241.09,17,6,2,132,0.725,1
1582,Central,Government,49,31536.11,14,1,5,131,0.5333,1
1583,South,Government,54,45200.8,6,4,5,83,0.2983,0
1584,Central,Startup,49,7441.31,4,4,1,78,0.35,0
1585,Central,Enterprise,59,86133.53,14,3,2,93,0.48,0
1586,North,SMB,62,21839.43,4,8,5,29,0.0883,0
1587,West,SMB,38,21278.71,9,10,3,100,0.2467,0
1588,North,Government,45,41328.72,16,5,1,22,0.3517,0
1589,West,Government,33,27287.71,13,4,2,103,0.4617,1
1590,West,Government,27,28694.78,15,6,5,72,0.32,0
1591,East,SMB,47,13175.75,7,8,5,144,0.4495,0
1592,East,SMB,27,25642.62,20,9,1,112,0.6404,0
1593,East,Government,65,43994.76,4,4,1,118,0.6042,1
1594,East,Startup,63,9618.54,1,6,1,175,0.6259,1
1595,South,Enterprise,50,41366.96,17,8,1,116,0.4433,0
1596,Central,Enterprise,47,81880.22,5,2,5,31,0.2517,0
1597,Central,Government,55,35021.19,20,6,4,73,0.3917,1
1598,East,Enterprise,47,89193.04,8,9,1,129,0.5075,1
1599,West,SMB,30,16765.3,9,9,5,171,0.35,1
1600,Central,SMB,46,13158.44,3,1,2,137,0.4933,0
1601,East,Government,31,37396.62,9,6,4,174,0.6525,1
1602,North,SMB,28,9726.72,10,4,2,30,0.31,0
1603,East,Enterprise,28,79412.65,14,10,4,95,0.3891,1
1604,Central,Enterprise,43,63836.51,12,6,1,145,0.4917,1
1605,North,Government,42,45132.64,20,4,5,49,0.3817,1
1606,Central,Government,57,35466.97,0,9,3,124,0.2217,0
1607,West,Government,53,51114.48,1,1,3,38,0.2883,1
1608,South,Government,49,46969.16,18,6,2,75,0.415,0
1609,North,Enterprise,54,76388.29,9,4,1,50,0.3533,1
1610,South,Enterprise,60,36809.79,8,1,1,133,0.5567,1
1611,North,Government,44,28848.47,6,6,5,110,0.2933,0
1612,East,SMB,61,16550.5,5,5,5,160,0.5679,0
1613,East,Startup,57,6388.82,19,5,5,113,0.6573,1
1614,South,Government,40,62741.68,9,3,4,118,0.4317,1
1615,East,SMB,55,10660.76,9,1,5,48,0.5002,1
1616,West,Government,40,49622.65,17,10,2,150,0.43,0
1617,North,Startup,41,7642.81,0,2,3,4,0.1967,0
1618,East,SMB,45,26488.73,1,4,1,173,0.6936,1
1619,West,Startup,49,12747.91,3,8,2,25,0.1317,0
1620,South,Startup,59,5105.53,19,5,3,179,0.6033,0
1621,West,SMB,49,18514.54,2,2,1,75,0.375,0
1622,East,Startup,29,9134.96,9,10,1,106,0.4302,1
1623,West,SMB,47,26067.12,2,2,3,178,0.5067,0
1624,North,Enterprise,58,79929.45,17,6,2,160,0.5467,0
1625,North,SMB,60,19439.56,11,8,1,175,0.4817,1
1626,Central,Startup,40,8751.58,10,4,2,63,0.365,0
1627,West,SMB,37,17233.15,3,9,1,47,0.1633,0
1628,North,SMB,34,16701.79,11,3,5,167,0.5133,0
1629,West,Startup,59,5786.08,3,3,2,66,0.325,1
1630,North,Startup,61,11523.54,12,9,3,111,0.32,0
1631,East,Startup,30,11580.85,4,3,1,124,0.6549,0
1632,North,Startup,34,8182.28,11,9,5,40,0.1517,0
1633,East,Enterprise,47,66363.83,13,2,5,34,0.4882,0
1634,South,SMB,29,26500.06,5,7,3,133,0.3367,0
1635,West,Government,41,23800.67,7,2,3,25,0.3017,0
1636,Central,Government,59,30345.35,9,7,1,142,0.4317,1
1637,East,Startup,36,7213.19,9,6,2,77,0.4761,1
1638,West,Enterprise,30,59299.84,1,9,2,139,0.2767,1
1639,Central,Government,25,22607.49,8,1,5,86,0.3983,0
1640,South,Enterprise,55,51323.36,11,2,3,176,0.5933,0
1641,Central,Startup,42,8457.44,15,7,5,37,0.2367,0
1642,North,Startup,48,9080.57,3,2,1,39,0.325,0
1643,East,Enterprise,43,47806.89,8,9,3,23,0.1933,0
1644,South,Government,63,40006.78,2,8,5,61,0.1217,0
1645,Central,Startup,57,8695.12,5,8,1,167,0.4083,1
1646,West,Enterprise,32,52767.18,7,10,3,57,0.155,0
1647,West,Startup,31,5564.79,4,3,4,79,0.3167,1
1648,South,Enterprise,63,61669.62,9,1,4,36,0.345,0
1649,East,SMB,56,26240.56,7,9,1,139,0.5172,0
1650,East,Government,61,35034.52,9,6,4,26,0.2948,0
1651,East,SMB,50,10677.67,8,3,2,11,0.4108,1
1652,Central,SMB,56,23813.01,1,8,2,38,0.1333,0
1653,West,Enterprise,47,42003.08,5,1,2,110,0.4683,1
1654,East,Government,27,41546.18,16,6,1,151,0.7854,1
1655,North,SMB,30,22716.61,7,2,3,83,0.3983,1
1656,Central,SMB,32,15792.93,11,4,5,11,0.2283,0
1657,South,Enterprise,35,78512.02,6,8,4,155,0.3383,0
1658,East,Startup,37,10778.41,20,2,2,2,0.5993,1
1659,South,SMB,53,26993.49,3,8,1,57,0.205,0
1660,East,Enterprise,55,34272.45,18,10,5,61,0.3359,0
1661,Central,Government,41,23492.17,12,1,1,82,0.5117,0
1662,North,Enterprise,44,75479.5,20,4,5,93,0.455,0
1663,Central,Government,62,24667.63,3,4,2,177,0.485,0
1664,West,Enterprise,44,44716.12,19,2,4,150,0.61,1
1665,South,Enterprise,37,37784.29,3,2,1,160,0.5267,0
1666,Central,Government,59,44382.15,2,3,5,93,0.3,0
1667,East,Government,37,36335.23,15,3,5,55,0.5317,1
1668,North,SMB,37,25192.59,16,10,2,160,0.4367,0
1669,East,Government,62,55614.96,16,9,4,73,0.4012,1
1670,North,Startup,63,7244.77,14,5,4,146,0.4783,0
1671,South,Government,50,60775.33,0,2,4,158,0.4333,1
1672,South,Startup,39,12211.03,15,9,1,69,0.32,0
1673,Central,Enterprise,53,71156.05,4,10,2,28,0.0967,0
1674,South,Government,60,29934.52,2,3,1,166,0.5017,0
1675,South,Startup,51,7137.38,9,4,1,48,0.35,0
1676,West,Enterprise,62,33608.97,18,4,5,171,0.565,1
1677,Central,Enterprise,50,71571.51,17,3,5,118,0.4917,1
1678,North,Government,50,28274.06,18,10,4,46,0.2267,0
1679,East,SMB,49,25614.3,9,3,3,17,0.4108,1
1680,East,Government,56,35208.2,12,9,2,102,0.4712,0
1681,South,SMB,30,19721.35,7,4,2,139,0.4617,1
1682,East,Government,49,22185.92,19,4,4,63,0.6018,0
1683,Central,SMB,28,20887.27,3,6,3,177,0.415,0
1684,West,Government,47,48301.18,5,1,1,135,0.53,0
1685,North,SMB,34,11046.59,9,7,3,66,0.265,1
1686,Central,Government,62,22406.56,12,6,2,43,0.3017,0
1687,South,Enterprise,44,44777.89,16,2,3,23,0.3883,0
1688,North,Startup,48,8007.98,13,5,3,93,0.4,0
1689,West,SMB,28,9063.08,0,6,1,171,0.415,0
1690,North,Startup,47,9944.46,11,5,2,129,0.46,0
1691,South,SMB,30,14856.32,18,10,5,50,0.2133,1
1692,South,SMB,44,24586.87,17,5,5,113,0.4333,0
1693,Central,Government,51,37686.43,13,1,1,9,0.4,1
1694,Central,Startup,47,13993.81,19,9,3,67,0.3167,1
1695,Central,Enterprise,48,84169.31,19,6,4,17,0.2883,0
1696,East,Government,36,25509.49,15,9,5,69,0.348,1
1697,South,Government,50,48842.49,15,7,3,72,0.335,1
1698,Central,Startup,37,12996.67,1,6,2,52,0.2067,1
1699,South,SMB,49,15075.09,16,9,2,122,0.3983,0
1700,Central,Enterprise,47,30768.26,20,9,5,91,0.3267,0
1701,North,SMB,63,20165.59,19,1,4,115,0.5767,0
1702,East,SMB,59,9947.65,14,3,4,62,0.5631,1
1703,Central,Government,53,33532.43,16,1,3,134,0.5983,1
1704,West,Enterprise,46,31924.15,6,1,5,23,0.2733,0
1705,South,Government,30,51831.25,5,9,2,127,0.2967,0
1706,North,Enterprise,26,39017.46,6,7,2,118,0.3417,1
1707,Central,SMB,46,21376.85,18,5,3,174,0.585,0
1708,East,SMB,54,11773.56,19,9,3,149,0.6573,1
1709,North,SMB,33,23844.56,18,3,5,172,0.5917,0
1710,North,SMB,55,25614.75,19,5,1,106,0.5217,0
1711,West,Government,58,30945.53,1,4,5,51,0.195,1
1712,West,Government,51,60369.29,14,2,2,38,0.4133,1
1713,West,SMB,61,11497.85,5,1,2,164,0.5583,0
1714,West,Startup,26,11772.91,11,8,1,35,0.2483,0
1715,West,Enterprise,55,83065.67,18,1,2,158,0.6783,1
1716,North,Government,60,58368.29,5,2,4,7,0.2317,0
1717,Central,Enterprise,32,77563.12,20,10,2,108,0.39,1
1718,North,Enterprise,39,88062.68,18,2,3,98,0.5333,0
1719,South,Startup,38,7476.75,14,2,1,54,0.46,0
1720,North,SMB,62,15357.78,19,3,4,67,0.4467,1
1721,Central,Enterprise,52,39113.72,4,7,5,129,0.28,1
1722,West,Enterprise,47,58897.94,2,5,1,104,0.3483,1
1723,South,Startup,56,5954.17,4,4,3,25,0.2217,0
1724,South,Startup,61,7962.08,4,5,3,155,0.4133,1
1725,West,Government,37,60016.66,6,2,1,139,0.5217,0
1726,East,Government,27,34077.27,18,10,1,127,0.6114,1
1727,East,Startup,64,7698.89,14,8,4,95,0.4616,0
1728,South,SMB,31,16687.18,17,7,3,118,0.4317,0
1729,South,Government,26,24547.84,13,9,1,65,0.2933,0
1730,East,SMB,51,19488.5,9,7,5,16,0.2054,0
1731,East,Government,39,35150.3,8,2,3,63,0.5438,1
1732,East,SMB,58,16746.37,15,8,2,96,0.5365,0
1733,Central,SMB,61,10172.53,9,7,5,109,0.2967,0
1734,East,Enterprise,34,80561.07,15,4,5,5,0.3746,0
1735,West,Startup,39,11041.36,6,8,3,11,0.1183,0
1736,East,Startup,36,12666.43,17,5,1,170,0.8821,0
1737,South,Startup,38,13874.96,8,5,3,113,0.3833,0
1738,Central,SMB,38,14777.37,12,7,1,128,0.4383,1
1739,South,Government,50,58797.47,14,4,4,132,0.48,1
1740,West,Government,53,25438.56,14,2,2,48,0.43,1
1741,Central,SMB,39,22902.38,5,7,4,122,0.2983,0
1742,South,Government,50,57439.14,4,4,2,55,0.2917,0
1743,Central,Enterprise,54,50237.67,13,9,1,143,0.4233,0
1744,North,Startup,45,13173.4,14,5,3,114,0.445,1
1745,Central,Government,31,52201.21,1,2,4,156,0.44,1
1746,North,Enterprise,64,68757.27,7,1,5,37,0.3067,0
1747,East,Enterprise,25,48465.71,12,9,4,165,0.5655,1
1748,Central,SMB,52,21399.07,12,3,2,43,0.3767,1
1749,North,Enterprise,36,54230.7,13,7,5,90,0.305,0
1750,East,SMB,36,20201.18,1,7,3,101,0.3528,1
1751,North,Enterprise,48,78267.27,3,7,4,2,0.0783,0
1752,South,Government,45,42572.28,7,1,5,132,0.465,1
1753,West,Government,44,58086.09,2,7,3,5,0.0933,1
1754,West,Startup,50,9415.39,7,9,3,118,0.2817,1
1755,North,Government,30,61616.1,11,3,2,80,0.4283,0
1756,East,Enterprise,28,84522.69,0,6,2,147,0.5147,0
1757,East,Enterprise,28,83909.13,9,5,1,142,0.6984,0
1758,West,Government,61,30668.83,1,9,2,121,0.2467,0
1759,North,Enterprise,50,48817.05,13,9,5,47,0.1833,1
1760,South,Government,63,26958.94,12,4,5,7,0.2317,0
1761,West,Government,64,59992.15,4,10,1,15,0.095,0
1762,East,SMB,65,22963.61,9,3,5,39,0.406,0
1763,Central,Government,39,45617.06,12,4,5,131,0.4383,1
1764,Central,Government,26,34371.41,15,7,5,51,0.26,0
1765,South,Startup,41,12731.17,20,7,4,147,0.49,1
1766,East,SMB,45,23306.77,10,5,2,84,0.5438,1
1767,East,Startup,63,10422.02,16,6,2,52,0.5172,0
1768,Central,Government,50,34550.18,15,6,5,37,0.2617,0
1769,North,SMB,41,10748.04,16,6,5,54,0.3,0
1770,South,Government,50,23076.58,11,4,4,132,0.45,1
1771,Central,Enterprise,45,64188.48,0,8,1,109,0.2617,0
1772,West,Startup,43,9473.54,4,10,1,96,0.23,0
1773,Central,Startup,58,13591.7,8,3,5,85,0.3467,0
1774,East,Government,54,27780.58,18,7,1,154,0.7854,0
1775,North,SMB,37,23450.6,17,1,3,12,0.405,0
1776,South,SMB,45,9305.47,5,6,5,176,0.3933,1
1777,South,Government,57,29072.94,10,2,1,159,0.595,0
1778,South,Startup,61,6678.41,11,7,2,132,0.415,0
1779,East,Government,59,61766.39,7,2,5,177,0.7467,1
1780,East,Startup,52,11088.0,5,10,2,122,0.3818,0
1781,West,SMB,37,26327.84,12,9,1,62,0.2783,1
1782,East,SMB,44,11361.55,8,3,3,158,0.7371,0
1783,Central,Government,52,43139.21,16,5,5,7,0.2467,0
1784,North,Government,27,47535.02,6,3,2,157,0.5067,0
1785,Central,SMB,32,21465.46,9,6,4,179,0.4583,0
1786,South,Startup,36,12792.72,5,6,1,162,0.45,0
1787,East,Government,46,30424.8,0,2,5,49,0.3359,0
1788,East,Startup,26,13483.81,9,8,4,92,0.3818,0
1789,East,SMB,45,26791.03,12,3,5,133,0.6767,1
1790,South,Startup,39,12184.91,5,2,4,124,0.4267,0
1791,Central,Enterprise,44,83230.2,13,8,4,139,0.3817,1
1792,South,Enterprise,30,60191.41,16,5,3,15,0.3,0
1793,Central,Enterprise,31,33051.15,20,5,5,14,0.2983,0
1794,South,Startup,46,10549.36,12,2,5,143,0.5083,0
1795,South,SMB,38,20510.26,11,4,1,58,0.3867,1
1796,West,Government,62,44003.31,5,9,5,26,0.0683,0
1797,West,Enterprise,33,53059.84,20,9,1,29,0.3033,0
1798,Central,SMB,44,19337.21,6,3,5,174,0.475,1
1799,South,Startup,45,14205.29,20,5,3,79,0.4467,1
1800,West,SMB,48,18634.72,11,5,1,16,0.2917,1
1801,South,Government,54,44233.36,14,10,4,108,0.29,0
1802,North,SMB,25,10771.66,8,5,3,75,0.32,0
1803,North,Startup,60,13238.74,13,9,5,6,0.115,0
1804,South,Government,50,37617.1,8,5,5,152,0.4083,1
1805,West,Startup,62,7001.61,19,4,1,17,0.3983,1
1806,North,Enterprise,46,73054.68,14,2,4,146,0.5533,0
1807,East,SMB,61,24955.19,16,6,4,144,0.6815,1
1808,West,Startup,59,11079.94,14,6,5,101,0.3583,1
1809,North,Government,46,32898.41,0,7,3,125,0.2733,1
1810,South,SMB,43,15042.73,11,3,4,127,0.4667,1
1811,South,Enterprise,47,85091.24,15,7,1,139,0.4867,0
1812,North,Enterprise,48,69825.14,3,4,2,76,0.3167,0
1813,South,SMB,29,15463.19,6,4,4,165,0.455,1
1814,West,Startup,55,13280.98,9,7,4,61,0.2367,1
1815,Central,Government,26,21346.82,6,3,1,97,0.4267,1
1816,South,Enterprise,65,80376.64,15,8,1,176,0.5233,0
1817,South,Enterprise,44,72613.03,4,5,1,98,0.3583,1
1818,North,Government,35,46058.06,19,9,5,91,0.3167,0
1819,South,Startup,46,9491.18,12,9,2,76,0.2817,0
1820,South,SMB,53,17594.22,16,10,2,67,0.2817,0
1821,East,SMB,37,24916.93,6,7,2,69,0.377,1
1822,Central,Enterprise,25,31196.19,3,10,1,148,0.3067,1
1823,Central,Government,51,49355.69,20,2,3,119,0.5883,0
1824,South,SMB,33,10100.06,12,4,2,147,0.525,0
1825,East,SMB,42,10891.95,7,5,3,90,0.4858,0
1826,North,Enterprise,41,85724.08,6,1,4,170,0.5383,1
1827,South,Enterprise,26,40462.49,18,1,1,172,0.7217,1
1828,West,SMB,55,20871.26,13,6,3,95,0.3783,0
1829,East,Startup,50,12135.07,5,1,2,103,0.6622,0
1830,Central,Startup,55,11680.02,7,9,1,165,0.4,1
1831,Central,Enterprise,36,68042.69,4,9,1,42,0.165,0
1832,South,SMB,50,13934.99,0,2,1,101,0.3983,0
1833,South,SMB,53,19303.25,7,1,5,24,0.285,0
1834,East,Startup,47,5101.3,17,7,1,64,0.5534,0
1835,North,Startup,57,11576.57,11,1,1,30,0.415,0
1836,West,SMB,27,21508.42,18,10,1,119,0.4083,0
1837,West,Enterprise,64,73990.32,20,9,3,37,0.2767,1
1838,Central,Startup,51,6697.74,16,10,4,79,0.2617,0
1839,Central,Government,36,56805.58,6,5,1,61,0.3167,0
1840,Central,SMB,46,15434.5,18,6,5,95,0.3883,1
1841,Central,SMB,30,16735.94,15,3,2,180,0.635,1
1842,East,Enterprise,36,77736.26,17,8,5,169,0.6549,1
1843,West,SMB,52,25236.48,20,8,3,155,0.4983,1
1844,East,SMB,33,13863.8,12,7,5,151,0.5752,0
1845,West,Government,29,57481.28,13,2,4,59,0.3983,0
1846,Central,Government,46,31706.43,20,4,3,111,0.525,1
1847,West,Startup,33,10716.64,2,3,5,52,0.2317,1
1848,East,SMB,30,10464.06,7,1,1,38,0.5631,1
1849,East,Startup,27,5139.99,15,10,2,36,0.319,0
1850,West,Government,42,24211.84,15,5,2,155,0.5433,0
1851,Central,Enterprise,49,46839.67,1,7,5,84,0.175,0
1852,North,Government,63,57537.68,8,4,3,164,0.4933,0
1853,East,Government,63,35895.01,5,4,2,77,0.4906,0
1854,North,Enterprise,42,56197.19,20,8,4,37,0.2817,0
1855,Central,Enterprise,54,68881.77,9,9,2,82,0.2617,0
1856,South,Enterprise,25,53700.85,12,2,2,142,0.5667,1
1857,West,Startup,32,6929.09,0,10,4,53,0.0583,0
1858,East,Government,61,27407.95,2,3,5,85,0.4157,0
1859,North,Government,25,56117.39,18,10,5,153,0.385,0
1860,Central,Enterprise,48,68581.61,3,6,2,96,0.3,0
1861,East,Enterprise,64,40962.76,18,2,3,51,0.6597,0
1862,West,Enterprise,64,35235.64,17,8,5,118,0.3667,0
1863,Central,SMB,53,12495.83,13,3,2,45,0.39,1
1864,North,Enterprise,25,40901.11,1,4,1,177,0.485,0
1865,East,SMB,47,22738.98,3,1,1,173,0.8313,0
1866,North,Enterprise,25,82437.16,6,8,1,169,0.4217,0
1867,Central,Government,32,53227.67,4,10,2,140,0.2833,1
1868,South,SMB,33,20757.08,16,4,4,76,0.4067,1
1869,North,SMB,35,9438.98,1,8,2,19,0.1017,0
1870,West,Enterprise,55,49415.1,14,7,2,132,0.445,0
1871,West,Government,56,36146.12,12,7,2,180,0.505,0
1872,West,SMB,53,12597.01,6,6,3,120,0.35,1
1873,East,Enterprise,29,61575.82,2,6,5,159,0.4858,0
1874,North,Startup,51,11964.33,20,9,5,98,0.3383,0
1875,East,Startup,48,12446.89,10,2,2,83,0.6501,0
1876,Central,SMB,28,17282.08,13,8,5,134,0.3533,0
1877,Central,Government,57,31767.61,15,6,5,75,0.325,0
1878,West,Government,65,26355.28,9,5,5,102,0.335,0
1879,South,Government,59,40784.28,2,9,4,2,0.02,0
1880,West,Enterprise,58,83594.93,1,10,1,54,0.13,0
1881,South,Startup,34,10415.53,13,5,2,25,0.3067,0
1882,North,Startup,32,9861.4,2,7,3,38,0.1483,0
1883,North,Enterprise,63,87221.66,18,9,4,173,0.4633,0
1884,Central,Government,63,39525.41,17,1,5,153,0.6,0
1885,West,Enterprise,26,35963.12,0,4,3,64,0.2467,1
1886,East,Startup,55,8732.33,15,4,5,124,0.6622,1
1887,West,Startup,56,10755.84,19,1,5,127,0.5767,1
1888,South,SMB,40,24784.7,1,3,5,31,0.1867,0
1889,Central,SMB,28,12360.91,6,10,2,146,0.3133,0
1890,East,Government,54,30877.49,6,2,1,104,0.6718,0
1891,North,Government,34,24732.14,18,5,5,9,0.27,1
1892,Central,Government,62,25456.82,19,6,4,62,0.3633,0
1893,South,Government,46,25497.44,1,5,5,162,0.355,0
1894,Central,Enterprise,35,66758.19,13,6,5,46,0.2567,1
1895,South,Enterprise,31,86079.99,11,10,1,162,0.41,0
1896,North,SMB,50,23941.49,11,8,1,83,0.3283,0
1897,East,SMB,63,11994.78,16,5,4,141,0.7105,1
1898,East,Enterprise,31,54475.15,18,4,5,173,0.8241,1
1899,South,Government,31,34521.26,1,8,2,112,0.2567,0
1900,West,Enterprise,51,38192.9,10,7,2,97,0.3467,0
1901,East,Government,59,57369.48,12,6,4,73,0.4519,0
1902,Central,Enterprise,34,60170.0,4,5,1,163,0.4667,1
1903,North,Enterprise,30,84610.62,5,4,4,13,0.1917,0
1904,West,Government,61,49306.79,19,2,3,125,0.5883,1
1905,West,Startup,35,13870.36,20,2,2,112,0.5967,0
1906,South,Startup,38,10253.35,9,4,3,110,0.4133,1
1907,Central,Startup,26,14224.86,12,6,5,98,0.3333,0
1908,East,Startup,39,8078.8,20,2,3,159,0.9497,1
1909,Central,SMB,43,12699.16,13,8,3,177,0.465,1
1910,Central,Enterprise,27,81596.06,13,3,2,125,0.5233,1
1911,North,SMB,31,9189.6,1,8,3,63,0.155,0
1912,North,Enterprise,46,55991.47,1,2,4,27,0.225,0
1913,East,Startup,42,7589.16,3,3,3,19,0.3287,0
1914,South,Startup,30,10994.82,11,1,2,37,0.4067,1
1915,Central,SMB,31,11181.08,18,6,2,64,0.3967,0
1916,Central,SMB,61,12075.57,5,1,5,15,0.25,0
1917,South,Startup,28,11882.91,14,3,1,35,0.4033,0
1918,Central,Government,60,62596.35,10,5,2,123,0.44,0
1919,South,Enterprise,62,83470.67,9,6,3,117,0.375,0
1920,West,SMB,64,19210.37,0,5,2,58,0.2317,0
1921,West,SMB,26,17228.59,16,6,2,116,0.4633,0
1922,South,SMB,27,16049.03,3,4,3,31,0.2217,1
1923,South,Government,31,29033.61,18,8,3,87,0.365,0
1924,South,Enterprise,43,51603.12,3,2,3,146,0.4633,1
1925,East,Government,60,47805.81,20,7,3,51,0.5075,0
1926,North,SMB,36,23594.34,2,5,3,87,0.28,1
1927,Central,SMB,45,13977.06,0,9,2,78,0.165,0
1928,North,SMB,61,10699.54,19,6,5,164,0.5133,1
1929,North,Startup,36,8938.7,12,3,4,70,0.3817,0
1930,South,Startup,60,7824.49,18,7,2,88,0.4117,1
1931,South,SMB,46,14934.9,0,9,4,68,0.1083,0
1932,West,Startup,33,9843.15,17,4,5,67,0.3817,0
1933,South,Startup,55,12554.42,13,2,1,80,0.4933,0
1934,East,SMB,57,12952.54,11,1,4,135,0.7685,1
1935,West,Startup,43,11267.78,13,9,4,32,0.1783,0
1936,East,Enterprise,64,70285.97,10,6,2,157,0.6839,0
1937,North,Government,30,41508.92,19,7,3,53,0.3433,1
1938,North,Government,65,21136.33,3,2,4,122,0.4033,0
1939,Central,Government,43,46333.86,12,5,4,84,0.355,0
1940,Central,Startup,63,6159.68,9,8,3,138,0.36,1
1941,West,Enterprise,41,31729.56,19,3,4,71,0.4533,1
1942,South,Government,64,48398.92,4,6,5,81,0.225,0
1943,South,Startup,29,14314.14,3,3,5,83,0.2933,0
1944,North,Enterprise,53,66438.95,11,6,5,134,0.3833,0
1945,Central,SMB,41,26937.18,15,1,2,74,0.5083,0
1946,North,Startup,35,9663.47,7,6,5,106,0.2967,0
1947,South,Enterprise,28,84790.79,7,8,3,31,0.1617,0
1948,South,Government,29,31527.68,15,8,5,8,0.1633,1
1949,West,Enterprise,36,71877.63,1,2,3,144,0.44,1
1950,South,Government,28,33318.86,18,4,2,6,0.35,0
1951,South,Startup,34,8897.12,6,7,2,47,0.2233,1
1952,North,Startup,54,8989.12,0,7,5,169,0.3067,1
1953,West,Enterprise,35,36163.97,7,6,2,139,0.4117,0
1954,North,SMB,53,12966.52,0,7,2,144,0.325,0
1955,East,Enterprise,58,76649.97,8,10,4,56,0.2078,0
1956,West,Enterprise,35,59829.88,1,1,2,31,0.2967,0
1957,North,Startup,60,5090.01,19,9,2,100,0.3917,0
1958,West,Government,45,38457.39,17,1,3,38,0.4483,1
1959,East,Enterprise,37,61986.76,11,4,4,121,0.6259,0
1960,West,Government,45,29854.85,8,8,2,133,0.3617,0
1961,East,SMB,31,22604.97,9,2,5,165,0.7467,1
1962,East,Government,31,42596.23,7,1,2,177,0.87,1
1963,North,Enterprise,30,76841.31,5,8,3,127,0.3017,0
1964,East,Startup,28,11237.85,16,6,4,118,0.6187,1
1965,West,SMB,30,15700.61,8,7,3,123,0.35,0
1966,West,Government,31,43892.57,15,5,2,130,0.5017,0
1967,West,SMB,47,9894.49,16,5,3,23,0.3133,1
1968,North,Startup,40,9739.58,20,3,3,63,0.47,1
1969,South,Enterprise,31,46223.06,0,1,5,177,0.47,1
1970,West,SMB,62,24310.95,2,10,5,121,0.1717,1
1971,East,SMB,28,20828.9,8,9,2,117,0.4495,1
1972,North,Startup,47,5249.68,6,10,4,180,0.33,0
1973,North,Enterprise,29,54553.64,4,2,5,117,0.385,1
1974,North,Government,41,44885.54,5,1,4,64,0.3517,0
1975,East,Government,33,22586.01,20,3,5,65,0.6283,1
1976,East,Startup,31,6658.11,2,10,5,149,0.3166,0
1977,Central,Startup,55,13265.92,1,8,1,127,0.3017,1
1978,North,SMB,30,15415.33,0,2,2,151,0.4617,1
1979,East,Government,50,35205.0,16,5,3,118,0.6839,0
1980,South,Enterprise,65,32608.04,10,3,1,111,0.49,0
1981,North,Enterprise,51,65376.13,13,2,2,141,0.575,1
1982,South,Startup,39,7905.88,15,2,1,6,0.39,0
1983,South,Startup,53,9195.41,1,5,4,35,0.1633,0
1984,Central,Enterprise,35,41588.37,16,9,1,167,0.4933,1
1985,Central,SMB,53,11405.91,19,9,1,143,0.4833,1
1986,West,SMB,35,24570.17,20,2,1,135,0.655,1
1987,East,Startup,27,12783.82,6,1,4,146,0.7226,0
1988,Central,SMB,55,22695.94,2,5,5,74,0.2183,0
1989,South,Startup,50,6481.77,15,2,3,41,0.4083,0
1990,East,Government,40,30703.14,15,3,4,168,0.8337,1
1991,North,SMB,46,16802.4,12,7,1,74,0.3483,0
1992,Central,Startup,50,5862.14,5,7,4,166,0.3717,1
1993,North,Startup,39,6607.87,18,3,1,54,0.475,0
1994,North,Enterprise,63,61989.1,19,9,5,53,0.2533,1
1995,West,Enterprise,46,59146.97,9,4,3,33,0.285,0
1996,Central,Enterprise,32,60591.12,12,3,5,130,0.4617,0
1997,South,Enterprise,32,33045.52,15,3,2,169,0.6167,0
1998,West,Enterprise,30,89181.21,9,9,5,168,0.345,1
1999,Central,SMB,39,20625.73,7,3,1,47,0.3533,1
2000,South,Startup,39,10702.07,13,6,3,2,0.2233,0
